student_id,age,gender,year_of_study,field_of_study,stress_level,anxiety_score,sleep_hours,sleep_quality,mood_rating,daily_screen_time_hrs,screen_time_before_sleep,daily_social_media_hours,platform_usage,physical_activity,social_interaction_level,study_hours_per_day,class_attendance_pct,exam_score,GPA,academic_performance,sleep_debt,stress_sleep_ratio,state_score,screen_category,at_risk
1,22,Male,1,Arts,6,5,5.0,2.0,5.0,2.6,0.5,4.4,TikTok,6.0,5.1,2.8,69.7,59.1,1.9,51.0,3.0,1.2,5.333333333333333,Moderate,0
2,21,Male,1,Engineering,5,5,5.9,3.0,6.0,2.4,1.0,2.1,Instagram,2.0,9.0,1.5,79.5,54.0,2.21,51.4,2.0999999999999996,0.847457627118644,4.666666666666667,Moderate,0
3,22,Female,1,Science,6,2,5.7,2.0,4.0,3.5,1.6,2.5,Both,3.9,6.7,2.8,73.0,64.7,2.33,58.1,2.3,1.0526315789473684,4.666666666666667,Moderate,0
4,24,Female,2,Computer Science,4,3,7.5,2.0,8.0,1.6,0.0,2.7,Both,6.5,7.5,1.8,81.0,70.6,2.78,71.9,0.5,0.5333333333333333,3.0,Low,0
5,21,Male,3,Science,6,4,6.3,2.0,5.0,5.6,1.4,3.4,Instagram,4.6,7.0,2.3,82.4,61.8,2.61,54.8,1.7000000000000002,0.9523809523809524,5.0,High,0
6,21,Other,2,Other,8,9,5.0,1.0,5.0,4.2,1.2,2.5,Both,2.6,6.7,2.8,79.3,59.2,2.25,51.1,3.0,1.6,7.333333333333333,Moderate,1
7,24,Male,2,Business,5,6,7.6,4.0,6.0,4.5,1.9,4.2,Both,3.5,5.2,4.1,79.5,85.5,2.97,90.4,0.40000000000000036,0.6578947368421053,5.0,Moderate,0
8,22,Female,1,Science,5,6,5.2,1.0,6.0,4.9,2.9,3.6,Both,5.0,9.0,2.0,79.5,63.5,2.53,61.0,2.8,0.9615384615384615,5.0,Moderate,0
9,20,Female,4,Engineering,6,6,6.2,2.0,5.0,4.6,0.9,3.3,Both,2.1,5.5,6.0,77.9,63.8,3.23,88.3,1.7999999999999998,0.9677419354838709,5.666666666666667,Moderate,0
10,22,Female,2,Science,9,10,5.6,1.0,3.0,5.7,2.2,4.7,Both,3.1,6.9,3.0,68.6,46.5,1.89,46.7,2.4000000000000004,1.6071428571428572,8.666666666666666,High,0
11,20,Female,1,Science,6,5,6.2,2.0,5.0,3.4,1.1,2.9,Instagram,3.2,5.6,2.5,89.0,66.0,2.68,64.6,1.7999999999999998,0.9677419354838709,5.333333333333333,Moderate,0
12,20,Female,3,Engineering,5,6,6.6,3.0,6.0,5.4,1.4,2.9,Both,2.5,5.2,4.3,77.8,63.8,2.54,74.4,1.4000000000000004,0.7575757575757576,5.0,High,0
13,21,Male,1,Science,6,6,7.2,4.0,6.0,2.9,0.7,4.0,Both,3.7,8.3,2.0,81.7,69.1,2.87,70.9,0.7999999999999998,0.8333333333333333,5.333333333333333,Moderate,0
14,18,Female,2,Business,6,7,7.6,3.0,8.0,5.8,3.0,1.2,Instagram,3.0,6.4,3.5,82.5,60.4,2.79,64.9,0.40000000000000036,0.7894736842105263,5.0,High,0
15,18,Male,2,Arts,6,7,6.3,2.0,6.0,2.8,1.4,4.8,Instagram,4.3,6.0,2.0,71.5,65.5,2.39,62.2,1.7000000000000002,0.9523809523809524,5.666666666666667,Moderate,0
16,20,Female,4,Arts,4,5,6.2,4.0,7.0,4.0,1.9,1.0,TikTok,5.3,7.4,2.1,83.2,58.4,2.18,57.7,1.7999999999999998,0.6451612903225806,4.0,Moderate,0
17,19,Female,2,Arts,6,6,5.8,3.0,5.0,1.9,0.1,2.9,Instagram,1.5,9.0,3.1,74.4,80.8,2.6,69.7,2.2,1.0344827586206897,5.666666666666667,Low,0
18,22,Female,3,Engineering,7,7,6.4,2.0,5.0,6.0,2.8,3.5,Both,3.4,8.7,2.5,85.8,52.4,2.37,54.5,1.5999999999999996,1.09375,6.333333333333333,High,0
19,19,Male,4,Engineering,5,5,6.2,3.0,5.0,4.9,2.0,2.4,Instagram,3.7,6.3,3.2,82.2,58.9,2.74,60.7,1.7999999999999998,0.8064516129032258,5.0,Moderate,0
20,19,Female,1,Arts,6,7,6.4,2.0,6.0,2.7,1.4,3.8,Instagram,3.6,9.5,2.4,76.6,58.6,2.43,55.5,1.5999999999999996,0.9375,5.666666666666667,Moderate,0
21,23,Female,1,Business,5,5,4.8,2.0,4.0,3.9,0.8,1.1,Instagram,3.5,5.5,1.6,76.6,64.2,2.43,68.8,3.2,1.0416666666666667,5.333333333333333,Moderate,0
22,21,Female,2,Engineering,5,4,6.8,3.0,6.0,5.4,0.9,1.7,Instagram,2.7,7.1,4.9,80.7,80.1,3.23,77.3,1.2000000000000002,0.7352941176470589,4.333333333333333,High,0
23,21,Male,2,Computer Science,6,7,6.8,3.0,7.0,5.0,3.2,2.7,Both,5.4,6.8,3.1,81.6,77.9,2.84,77.6,1.2000000000000002,0.8823529411764706,5.333333333333333,Moderate,0
24,19,Male,2,Computer Science,8,8,5.5,2.0,5.0,2.0,0.3,3.3,TikTok,5.9,4.6,1.6,81.1,47.6,2.49,54.4,2.5,1.4545454545454546,7.0,Low,0
25,20,Male,4,Business,6,7,6.3,1.0,5.0,4.6,2.1,3.1,Instagram,4.3,7.0,0.8,81.6,45.8,1.81,47.3,1.7000000000000002,0.9523809523809524,6.0,Moderate,0
26,21,Male,3,Engineering,5,3,7.8,5.0,7.0,4.0,1.4,1.6,Instagram,4.8,6.3,5.1,79.2,74.6,3.07,75.8,0.20000000000000018,0.6410256410256411,3.6666666666666665,Moderate,0
27,19,Female,3,Computer Science,5,5,6.5,3.0,6.0,3.9,1.2,2.1,TikTok,3.8,8.3,4.1,88.6,63.8,3.01,66.5,1.5,0.7692307692307693,4.666666666666667,Moderate,0
28,22,Male,2,Business,3,2,6.2,4.0,8.0,4.8,0.3,2.9,Instagram,5.3,6.7,3.5,91.6,65.3,3.24,74.0,1.7999999999999998,0.48387096774193544,2.3333333333333335,Moderate,0
29,20,Other,4,Computer Science,9,9,4.6,1.0,2.0,3.9,1.5,3.9,Both,0.0,4.6,0.2,64.7,31.5,1.5,36.9,3.4000000000000004,1.956521739130435,8.666666666666666,Moderate,1
30,21,Male,4,Computer Science,7,8,5.0,2.0,5.0,3.6,0.9,3.1,TikTok,3.9,8.1,4.1,64.5,63.8,2.15,50.5,3.0,1.4,6.666666666666667,Moderate,1
31,20,Male,4,Computer Science,6,5,7.3,3.0,6.0,1.7,1.0,2.9,Instagram,2.5,5.9,2.7,81.3,69.6,2.2,69.7,0.7000000000000002,0.8219178082191781,5.0,Low,0
32,24,Female,1,Business,7,7,7.0,3.0,6.0,4.0,2.5,2.7,TikTok,3.3,7.6,1.8,75.9,67.0,2.23,63.7,1.0,1.0,6.0,Moderate,0
33,21,Female,3,Engineering,5,5,5.5,2.0,5.0,2.3,0.0,2.7,Instagram,5.3,7.2,2.8,84.5,65.9,2.11,61.6,2.5,0.9090909090909091,5.0,Moderate,0
34,19,Female,1,Arts,6,5,7.1,3.0,7.0,4.3,1.5,2.2,Instagram,3.6,6.9,3.2,84.8,61.9,2.74,68.8,0.9000000000000004,0.8450704225352114,4.666666666666667,Moderate,0
35,22,Female,1,Arts,6,6,5.8,2.0,5.0,5.2,1.4,3.9,Instagram,2.7,5.5,2.1,85.5,64.5,2.28,52.1,2.2,1.0344827586206897,5.666666666666667,High,0
36,19,Female,1,Arts,3,2,8.1,5.0,7.0,1.9,0.2,1.3,TikTok,1.5,6.7,0.2,80.5,60.7,2.2,60.0,-0.09999999999999964,0.3703703703703704,2.6666666666666665,Low,0
37,21,Male,3,Engineering,4,6,7.6,2.0,7.0,4.5,1.4,2.9,TikTok,3.3,6.4,4.0,99.8,86.5,2.92,87.1,0.40000000000000036,0.5263157894736842,4.333333333333333,Moderate,0
38,18,Other,3,Engineering,4,5,5.4,1.0,6.0,1.0,0.0,1.8,TikTok,4.6,5.8,4.1,87.8,67.0,2.95,73.4,2.5999999999999996,0.7407407407407407,4.333333333333333,Low,0
39,19,Other,1,Computer Science,5,5,5.8,2.0,5.0,4.4,0.7,1.0,Instagram,2.6,6.3,1.9,83.4,53.6,1.94,49.8,2.2,0.8620689655172414,5.0,Moderate,0
40,21,Female,2,Arts,7,6,3.5,1.0,4.0,3.9,0.0,1.3,Instagram,3.4,7.5,3.5,80.4,64.5,1.97,52.2,4.5,2.0,6.333333333333333,Moderate,1
41,22,Male,2,Computer Science,7,8,4.9,1.0,5.0,5.5,1.9,2.4,TikTok,6.5,7.7,3.0,78.4,58.4,2.37,54.7,3.0999999999999996,1.4285714285714284,6.666666666666667,High,1
42,21,Female,2,Computer Science,6,7,4.9,2.0,5.0,4.1,0.4,3.1,Both,4.0,7.2,2.7,82.9,67.3,2.3,57.3,3.0999999999999996,1.2244897959183672,6.0,Moderate,0
43,21,Male,1,Business,4,4,6.8,4.0,8.0,3.3,1.4,2.2,Both,3.1,6.3,2.1,84.9,59.6,2.56,60.6,1.2000000000000002,0.5882352941176471,3.3333333333333335,Moderate,0
44,20,Male,2,Arts,5,4,6.0,3.0,6.0,4.6,1.8,3.5,Instagram,5.2,6.3,3.0,87.2,70.0,3.09,70.2,2.0,0.8333333333333334,4.333333333333333,Moderate,0
45,18,Male,3,Computer Science,7,7,4.4,1.0,2.0,3.6,1.2,3.6,Instagram,3.4,4.6,2.3,79.8,58.2,2.38,58.4,3.5999999999999996,1.5909090909090908,7.333333333333333,Moderate,1
46,20,Female,1,Business,4,4,6.3,3.0,7.0,3.8,1.4,2.9,Both,5.2,6.3,2.9,91.5,58.2,2.65,63.3,1.7000000000000002,0.6349206349206349,3.6666666666666665,Moderate,0
47,20,Female,1,Arts,3,3,7.1,3.0,8.0,1.8,0.1,2.4,Both,5.1,5.4,4.5,78.8,81.3,3.01,72.0,0.9000000000000004,0.4225352112676057,2.6666666666666665,Low,0
48,23,Female,2,Engineering,6,6,7.1,3.0,6.0,4.9,2.1,3.8,Both,1.5,4.9,2.4,76.0,46.7,2.3,50.0,0.9000000000000004,0.8450704225352114,5.333333333333333,Moderate,0
49,22,Female,4,Business,7,8,3.9,1.0,5.0,5.2,2.3,1.5,TikTok,4.6,6.2,1.8,79.8,61.6,2.38,58.4,4.1,1.794871794871795,6.666666666666667,High,1
50,18,Male,3,Arts,8,10,5.8,2.0,4.0,7.2,3.6,4.8,Both,5.9,5.8,2.8,79.0,38.0,1.47,35.2,2.2,1.3793103448275863,8.0,High,0
51,22,Male,3,Science,8,9,4.7,2.0,3.0,4.5,1.6,3.0,TikTok,2.0,7.6,1.3,69.1,44.6,1.82,45.1,3.3,1.702127659574468,8.0,Moderate,1
52,20,Male,2,Engineering,5,6,6.3,3.0,7.0,5.7,2.2,2.1,Both,1.8,5.9,2.8,84.9,69.3,2.6,67.4,1.7000000000000002,0.7936507936507937,4.666666666666667,High,0
53,20,Other,2,Science,3,2,7.2,2.0,5.0,1.7,0.0,1.7,TikTok,2.7,7.4,3.5,79.2,69.1,3.35,75.7,0.7999999999999998,0.41666666666666663,3.3333333333333335,Low,0
54,22,Male,1,Engineering,5,6,5.7,1.0,6.0,6.4,2.3,1.7,TikTok,4.7,7.0,2.5,86.0,77.4,2.84,71.6,2.3,0.8771929824561403,5.0,High,0
55,23,Female,3,Engineering,5,6,5.5,1.0,6.0,3.8,1.6,3.1,TikTok,4.1,8.1,3.7,82.0,64.0,2.32,60.6,2.5,0.9090909090909091,5.0,Moderate,0
56,23,Female,4,Science,10,10,5.6,1.0,2.0,1.5,1.2,5.1,TikTok,0.9,6.3,3.1,66.6,49.0,2.26,58.2,2.4000000000000004,1.7857142857142858,9.333333333333334,Low,0
57,20,Male,3,Computer Science,9,9,3.6,1.0,2.0,4.7,2.6,2.5,TikTok,3.9,5.7,0.0,65.5,28.7,0.77,18.4,4.4,2.5,8.666666666666666,Moderate,1
58,20,Female,4,Business,7,7,6.2,2.0,5.0,4.7,1.6,4.0,TikTok,2.9,8.2,4.1,77.3,61.1,2.76,69.4,1.7999999999999998,1.129032258064516,6.333333333333333,Moderate,0
59,22,Female,3,Engineering,3,3,5.9,3.0,8.0,3.4,0.8,0.7,Instagram,3.5,6.2,4.3,82.4,77.8,3.27,63.2,2.0999999999999996,0.5084745762711864,2.6666666666666665,Moderate,0
60,23,Female,1,Engineering,5,3,7.9,2.0,7.0,2.0,1.6,3.1,Both,2.3,6.1,2.2,81.2,70.8,3.08,75.4,0.09999999999999964,0.6329113924050632,3.6666666666666665,Low,0
61,20,Other,4,Arts,5,4,4.6,1.0,4.0,3.9,1.1,2.5,Instagram,3.8,6.8,2.3,88.9,61.8,2.43,64.9,3.4000000000000004,1.0869565217391306,5.0,Moderate,0
62,21,Male,1,Science,6,5,6.0,2.0,6.0,16.6,2.2,2.5,Instagram,3.4,7.2,2.8,68.9,55.7,2.35,52.8,2.0,1.0,5.0,High,0
63,19,Male,2,Computer Science,6,4,4.6,1.0,5.0,2.5,1.1,2.4,Both,2.2,7.0,0.4,63.3,45.9,1.56,43.3,3.4000000000000004,1.3043478260869565,5.0,Moderate,0
64,19,Female,1,Arts,6,5,5.4,2.0,3.0,3.9,0.8,3.6,Instagram,0.9,4.5,2.1,79.1,47.3,2.57,52.9,2.5999999999999996,1.111111111111111,6.0,Moderate,0
65,22,Other,1,Computer Science,5,6,5.4,2.0,7.0,2.6,0.2,3.0,TikTok,3.2,7.0,3.1,70.6,73.7,3.04,79.1,2.5999999999999996,0.9259259259259258,4.666666666666667,Moderate,0
66,23,Male,2,Science,4,5,7.7,3.0,7.0,3.9,1.5,2.2,TikTok,4.8,7.4,2.7,74.4,66.3,2.79,62.6,0.2999999999999998,0.5194805194805194,4.0,Moderate,0
67,21,Female,1,Arts,4,3,5.9,2.0,7.0,3.5,0.3,0.9,TikTok,3.1,6.6,1.5,79.5,58.1,2.43,56.5,2.0999999999999996,0.6779661016949152,3.3333333333333335,Moderate,0
68,23,Female,2,Science,7,6,6.7,3.0,5.0,3.2,0.5,4.6,Instagram,1.1,5.0,2.5,83.4,45.1,2.65,57.3,1.2999999999999998,1.044776119402985,6.0,Moderate,0
69,22,Female,2,Other,7,8,6.1,1.0,4.0,5.5,1.3,2.7,Both,4.2,5.5,4.8,68.3,65.3,2.98,72.9,1.9000000000000004,1.1475409836065575,7.0,High,0
70,20,Male,1,Arts,7,8,5.2,2.0,5.0,3.6,2.1,1.8,Instagram,4.8,7.4,1.3,63.7,61.8,2.04,56.2,2.8,1.346153846153846,6.666666666666667,Moderate,0
71,22,Female,1,Science,5,5,6.5,3.0,6.0,3.1,0.9,3.7,Both,3.1,5.2,2.0,73.1,65.9,2.26,62.5,1.5,0.7692307692307693,4.666666666666667,Moderate,0
72,24,Other,2,Science,5,6,7.3,2.0,4.0,4.5,0.8,2.3,TikTok,0.9,6.0,3.0,76.0,76.5,2.39,65.3,0.7000000000000002,0.684931506849315,5.666666666666667,Moderate,0
73,21,Male,2,Engineering,7,6,5.1,1.0,4.0,4.2,2.7,3.8,Instagram,3.1,6.3,3.7,85.9,63.9,2.68,61.8,2.9000000000000004,1.3725490196078431,6.333333333333333,Moderate,0
74,24,Male,3,Arts,3,3,7.3,4.0,6.0,3.9,0.3,1.6,Instagram,4.0,5.0,2.0,85.1,49.7,2.72,64.8,0.7000000000000002,0.4109589041095891,3.3333333333333335,Moderate,0
75,18,Other,3,Engineering,8,7,5.0,1.0,3.0,5.1,1.5,2.9,Instagram,2.2,4.6,2.6,75.6,54.3,1.95,53.0,3.0,1.6,7.333333333333333,High,1
76,22,Male,4,Business,8,8,5.4,1.0,3.0,4.1,1.3,2.9,TikTok,4.3,6.6,1.5,78.1,50.1,2.17,50.7,2.5999999999999996,1.4814814814814814,7.666666666666667,Moderate,0
77,21,Female,3,Science,4,4,6.7,3.0,7.0,3.4,1.1,2.9,Instagram,2.2,5.6,3.0,91.3,78.1,2.77,63.2,1.2999999999999998,0.5970149253731343,3.6666666666666665,Moderate,0
78,20,Female,2,Arts,5,3,5.6,2.0,5.0,3.8,2.0,2.6,TikTok,3.3,5.6,1.6,75.0,57.4,2.43,63.5,2.4000000000000004,0.8928571428571429,4.333333333333333,Moderate,0
79,21,Male,3,Computer Science,7,8,6.2,2.0,3.0,4.1,2.4,3.1,Both,3.1,5.2,2.2,76.0,50.6,2.17,57.0,1.7999999999999998,1.129032258064516,7.333333333333333,Moderate,0
80,18,Female,1,Computer Science,8,9,6.1,2.0,3.0,4.5,1.6,5.1,TikTok,3.8,5.0,0.7,73.0,44.6,1.8,44.0,1.9000000000000004,1.3114754098360657,8.0,Moderate,0
81,21,Male,2,Computer Science,5,6,6.5,2.0,6.0,0.2,0.8,2.8,Instagram,3.1,8.1,2.3,84.5,61.5,2.33,57.4,1.5,0.7692307692307693,5.0,Low,0
82,22,Female,3,Engineering,9,10,3.6,1.0,2.0,4.4,2.6,2.8,Both,3.1,4.8,0.0,73.8,38.5,1.58,38.2,4.4,2.5,9.0,Moderate,1
83,24,Male,2,Engineering,8,8,4.6,1.0,4.0,3.3,1.6,3.8,Both,2.1,7.4,0.0,83.5,39.3,1.57,38.5,3.4000000000000004,1.7391304347826089,7.333333333333333,Moderate,1
84,20,Female,3,Arts,6,6,6.7,1.0,5.0,4.5,3.1,2.9,Instagram,3.4,5.8,3.2,77.2,58.3,2.71,66.2,1.2999999999999998,0.8955223880597015,5.666666666666667,Moderate,0
85,20,Male,4,Science,6,4,7.0,3.0,6.0,2.7,0.0,2.5,Instagram,3.4,6.3,4.5,81.1,77.0,2.58,66.2,1.0,0.8571428571428571,4.666666666666667,Moderate,0
86,20,Male,4,Science,7,7,4.8,1.0,3.0,2.7,1.8,1.8,TikTok,2.2,6.6,5.9,77.6,67.8,2.94,68.8,3.2,1.4583333333333335,7.0,Moderate,0
87,23,Other,4,Engineering,10,10,5.8,1.0,3.0,6.2,2.4,4.5,Instagram,4.2,6.1,2.8,73.9,47.1,2.11,49.6,2.2,1.7241379310344829,9.0,High,0
88,22,Male,2,Engineering,7,6,6.8,4.0,5.0,5.1,1.4,2.1,Both,3.6,6.2,2.1,89.1,54.5,2.54,60.3,1.2000000000000002,1.0294117647058825,6.0,High,0
89,20,Female,2,Engineering,3,3,7.1,2.0,6.0,5.0,1.0,1.8,Instagram,3.2,6.7,1.5,85.9,68.0,2.76,71.6,0.9000000000000004,0.4225352112676057,3.3333333333333335,Moderate,0
90,22,Male,2,Computer Science,8,8,4.2,1.0,3.0,3.7,1.8,3.0,Both,4.6,6.5,2.2,68.4,63.8,2.54,47.8,3.8,1.9047619047619047,7.666666666666667,Moderate,0
91,21,Female,2,Engineering,8,8,5.4,1.0,4.0,3.4,0.7,4.2,TikTok,4.0,5.8,0.2,82.0,42.6,1.25,42.5,2.5999999999999996,1.4814814814814814,7.333333333333333,Moderate,0
92,23,Male,3,Business,5,6,5.9,2.0,5.0,4.8,1.3,1.8,TikTok,1.6,7.1,2.1,80.1,69.5,2.68,64.6,2.0999999999999996,0.847457627118644,5.333333333333333,Moderate,0
93,20,Other,3,Engineering,7,6,6.8,3.0,5.0,3.2,0.9,4.7,TikTok,5.4,4.6,3.4,83.3,65.3,2.29,66.0,1.2000000000000002,1.0294117647058825,6.0,Moderate,0
94,20,Male,3,Arts,1,1,8.8,5.0,5.0,2.3,0.4,2.6,Both,5.0,5.6,4.9,79.5,88.7,4.0,91.6,-0.8000000000000007,0.11363636363636363,2.3333333333333335,Moderate,0
95,20,Male,2,Science,5,6,6.1,2.0,4.0,5.2,2.5,3.7,Instagram,3.4,5.4,1.7,87.6,57.3,2.43,57.8,1.9000000000000004,0.819672131147541,5.666666666666667,High,0
96,19,Male,1,Computer Science,4,4,4.9,2.0,4.0,3.9,1.6,1.6,Instagram,4.0,5.4,0.9,74.7,57.9,1.82,52.4,3.0999999999999996,0.8163265306122448,4.666666666666667,Moderate,0
97,22,Male,2,Computer Science,7,7,6.9,2.0,4.0,3.2,1.8,4.0,Both,0.0,5.2,2.7,71.6,63.8,2.54,63.9,1.0999999999999996,1.0144927536231882,6.666666666666667,Moderate,0
98,21,Female,1,Science,5,6,8.1,4.0,8.0,1.9,2.0,2.2,TikTok,4.8,7.3,3.7,69.2,84.1,2.61,72.3,-0.09999999999999964,0.617283950617284,4.333333333333333,Low,0
99,21,Male,4,Computer Science,7,7,6.0,3.0,4.0,2.8,1.3,4.3,Both,3.6,3.6,2.8,72.1,53.1,2.91,65.2,2.0,1.1666666666666667,6.666666666666667,Moderate,0
100,21,Female,2,Other,6,5,5.4,1.0,6.0,0.5,0.5,1.2,Instagram,4.1,6.2,0.0,83.4,49.0,1.8,45.7,2.5999999999999996,1.111111111111111,5.0,Low,0
101,19,Male,1,Computer Science,5,6,7.5,3.0,6.0,2.2,0.7,2.9,Both,4.2,6.2,3.3,84.8,72.4,2.58,60.0,0.5,0.6666666666666666,5.0,Moderate,0
102,20,Male,1,Computer Science,2,1,7.3,4.0,9.0,5.5,1.4,2.1,TikTok,6.1,6.7,4.8,79.5,86.3,3.73,89.9,0.7000000000000002,0.273972602739726,1.3333333333333333,High,0
103,20,Female,3,Engineering,6,6,4.9,2.0,4.0,1.4,0.9,2.2,Both,2.5,4.6,2.0,84.0,59.1,2.16,52.0,3.0999999999999996,1.2244897959183672,6.0,Low,0
104,20,Female,3,Business,6,6,6.5,2.0,4.0,4.5,1.5,4.5,Both,2.4,5.2,0.8,79.0,51.2,2.26,58.6,1.5,0.9230769230769231,6.0,Moderate,0
105,21,Male,2,Engineering,5,5,7.5,4.0,7.0,4.5,0.7,2.8,TikTok,3.4,4.9,2.2,93.6,58.2,2.54,65.6,0.5,0.6666666666666666,4.333333333333333,Moderate,0
106,22,Male,1,Engineering,7,8,8.0,2.0,5.0,4.2,3.4,5.0,Both,1.5,4.9,2.6,84.3,64.1,2.76,63.8,0.0,0.875,6.666666666666667,Moderate,0
107,24,Male,2,Other,2,1,6.6,4.0,6.0,4.5,0.0,0.0,Instagram,2.5,4.6,3.4,88.0,83.2,2.92,63.2,1.4000000000000004,0.30303030303030304,2.3333333333333335,Moderate,0
108,21,Female,2,Science,8,7,6.0,2.0,4.0,3.4,1.0,3.2,Both,1.1,5.2,2.4,83.4,54.7,1.63,44.8,2.0,1.3333333333333333,7.0,Moderate,0
109,21,Female,3,Arts,7,7,7.5,2.0,5.0,6.5,2.5,5.0,TikTok,4.3,6.3,4.0,77.9,76.3,2.47,70.2,0.5,0.9333333333333333,6.333333333333333,High,0
110,21,Female,3,Computer Science,5,5,4.8,2.0,5.0,3.9,1.1,1.6,TikTok,6.6,7.0,2.3,73.5,57.9,2.65,64.4,3.2,1.0416666666666667,5.0,Moderate,0
111,18,Female,2,Computer Science,5,6,6.6,2.0,6.0,3.5,1.5,3.9,Instagram,6.7,7.2,4.2,95.2,78.1,2.87,63.2,1.4000000000000004,0.7575757575757576,5.0,Moderate,0
112,21,Female,1,Other,8,9,5.1,1.0,5.0,0.8,1.5,2.8,Both,2.0,5.8,1.7,74.4,36.9,2.25,46.5,2.9000000000000004,1.5686274509803924,7.333333333333333,Low,0
113,21,Female,4,Engineering,5,5,7.1,4.0,7.0,2.0,0.7,1.2,Instagram,3.3,7.5,3.8,91.5,90.3,2.54,75.9,0.9000000000000004,0.7042253521126761,4.333333333333333,Low,0
114,25,Female,2,Engineering,4,3,6.4,3.0,5.0,3.2,0.0,2.5,Instagram,5.0,6.3,3.0,90.6,69.1,3.15,81.1,1.5999999999999996,0.625,4.0,Moderate,0
115,21,Male,3,Science,5,5,7.5,4.0,5.0,5.9,1.7,4.3,TikTok,3.9,6.8,3.5,94.9,69.3,2.78,70.4,0.5,0.6666666666666666,5.0,High,0
116,22,Male,1,Engineering,3,5,7.3,4.0,7.0,1.6,0.6,2.0,TikTok,3.4,7.8,4.2,83.9,78.5,3.54,80.2,0.7000000000000002,0.4109589041095891,3.6666666666666665,Low,0
117,21,Male,2,Engineering,6,6,5.1,2.0,4.0,3.4,1.4,2.5,Both,2.9,6.5,3.0,74.1,54.3,2.54,60.5,2.9000000000000004,1.1764705882352942,6.0,Moderate,0
118,19,Male,1,Science,5,5,8.1,4.0,6.0,3.0,1.0,3.3,Both,5.0,6.5,3.2,85.1,62.6,2.99,71.8,-0.09999999999999964,0.617283950617284,4.666666666666667,Moderate,0
119,23,Female,2,Computer Science,6,7,8.3,4.0,7.0,5.4,2.4,2.4,TikTok,2.2,6.5,2.8,80.8,52.3,2.32,54.3,-0.3000000000000007,0.7228915662650601,5.333333333333333,High,0
120,22,Other,4,Business,7,9,7.0,3.0,6.0,6.4,3.8,4.4,Instagram,4.0,6.4,3.3,68.5,63.6,2.92,71.5,1.0,1.0,6.666666666666667,High,0
121,22,Male,2,Science,7,6,5.6,2.0,5.0,3.5,1.4,2.9,Both,4.0,7.6,0.1,76.8,46.2,1.86,48.8,2.4000000000000004,1.25,6.0,Moderate,0
122,19,Male,1,Arts,4,3,6.2,3.0,6.0,3.9,0.7,2.7,TikTok,3.6,7.3,2.3,87.9,66.0,2.54,57.0,1.7999999999999998,0.6451612903225806,3.6666666666666665,Moderate,0
123,23,Male,1,Engineering,4,2,7.0,2.0,7.0,2.3,1.4,2.2,TikTok,4.4,7.6,0.6,81.1,57.8,2.79,69.8,1.0,0.5714285714285714,3.0,Moderate,0
124,19,Other,2,Engineering,4,4,5.5,2.0,6.0,3.8,1.3,2.6,TikTok,3.7,6.4,4.8,75.3,67.7,2.93,68.0,2.5,0.7272727272727273,4.0,Moderate,0
125,22,Male,1,Computer Science,3,4,8.6,5.0,7.0,6.1,2.7,1.9,Instagram,2.7,6.6,4.4,88.6,80.8,4.0,92.9,-0.5999999999999996,0.3488372093023256,3.3333333333333335,High,0
126,25,Female,1,Arts,5,5,7.1,2.0,5.0,3.1,1.4,4.3,TikTok,3.3,6.3,2.5,87.7,67.2,2.46,62.0,0.9000000000000004,0.7042253521126761,5.0,Moderate,0
127,19,Male,3,Computer Science,7,9,3.0,2.0,2.0,3.9,0.0,2.2,Both,1.2,4.4,3.2,59.8,50.9,1.93,43.5,5.0,2.3333333333333335,8.0,Moderate,1
128,20,Male,2,Engineering,5,5,6.7,3.0,6.0,3.4,1.5,3.5,TikTok,4.5,7.6,3.5,98.0,73.6,3.04,76.1,1.2999999999999998,0.7462686567164178,4.666666666666667,Moderate,0
129,21,Other,1,Computer Science,7,7,6.3,3.0,4.0,4.9,1.9,2.4,Both,4.6,4.6,2.5,69.3,56.6,2.61,68.1,1.7000000000000002,1.1111111111111112,6.666666666666667,Moderate,0
130,20,Other,4,Arts,5,5,5.7,2.0,4.0,3.3,0.4,3.5,TikTok,2.4,6.7,3.3,74.8,65.6,2.71,66.6,2.3,0.8771929824561403,5.333333333333333,Moderate,0
131,18,Male,1,Business,6,5,6.0,3.0,4.0,3.7,1.8,2.9,Instagram,1.9,6.2,2.1,83.9,60.4,2.11,51.0,2.0,1.0,5.666666666666667,Moderate,0
132,21,Other,4,Arts,8,8,6.8,2.0,5.0,5.3,1.4,3.2,Both,2.2,5.5,1.1,80.7,53.2,1.65,63.2,1.2000000000000002,1.1764705882352942,7.0,High,0
133,19,Female,2,Computer Science,5,5,7.5,3.0,7.0,1.1,1.7,1.8,Instagram,3.0,6.8,4.4,88.8,63.8,2.81,72.6,0.5,0.6666666666666666,4.333333333333333,Low,0
134,22,Female,4,Business,5,5,6.3,2.0,5.0,4.5,1.1,2.4,Instagram,3.6,6.9,3.0,76.5,81.5,2.24,71.2,1.7000000000000002,0.7936507936507937,5.0,Moderate,0
135,19,Male,3,Business,5,5,5.6,1.0,6.0,5.3,1.8,1.8,TikTok,6.1,5.6,1.0,78.7,63.8,2.93,67.0,2.4000000000000004,0.8928571428571429,4.666666666666667,High,0
136,24,Female,4,Other,5,4,6.1,3.0,5.0,3.3,1.3,3.5,TikTok,5.5,8.3,3.5,76.8,57.6,2.54,54.6,1.9000000000000004,0.819672131147541,4.666666666666667,Moderate,0
137,20,Female,4,Computer Science,5,4,5.8,2.0,5.0,1.9,1.4,3.6,Both,4.8,6.5,2.8,79.0,63.8,2.57,62.8,2.2,0.8620689655172414,4.666666666666667,Low,0
138,20,Female,1,Business,5,5,5.7,3.0,4.0,2.4,0.0,1.9,Instagram,3.6,9.3,4.6,82.1,72.0,3.08,75.4,2.3,0.8771929824561403,5.333333333333333,Moderate,0
139,22,Male,4,Arts,5,5,6.6,2.0,6.0,4.1,2.6,2.3,Both,2.3,7.0,3.5,74.8,63.8,2.72,65.1,1.4000000000000004,0.7575757575757576,4.666666666666667,Moderate,0
140,19,Male,2,Science,6,6,6.7,3.0,6.0,3.8,2.1,2.1,Instagram,5.5,7.0,1.6,70.5,59.4,2.27,54.3,1.2999999999999998,0.8955223880597015,5.333333333333333,Moderate,0
141,21,Male,2,Engineering,6,6,8.1,4.0,6.0,4.6,1.8,3.7,TikTok,2.9,5.1,1.1,89.9,61.7,2.31,65.8,-0.09999999999999964,0.7407407407407408,5.333333333333333,Moderate,0
142,23,Female,2,Business,5,6,7.9,3.0,7.0,4.2,0.8,3.6,Both,4.0,6.1,4.6,84.0,74.8,2.97,72.9,0.09999999999999964,0.6329113924050632,4.666666666666667,Moderate,0
143,18,Male,2,Computer Science,8,9,5.4,2.0,3.0,4.1,1.4,4.5,Both,4.1,6.2,1.7,78.0,63.8,2.54,56.4,2.5999999999999996,1.4814814814814814,8.0,Moderate,0
144,21,Female,1,Computer Science,4,5,7.6,4.0,7.0,6.2,0.6,2.9,Instagram,3.5,8.0,2.4,83.9,79.7,2.89,73.9,0.40000000000000036,0.5263157894736842,4.0,High,0
145,21,Other,2,Science,7,8,5.4,2.0,6.0,4.9,1.0,3.5,Instagram,5.0,7.9,1.3,79.5,36.9,1.81,43.9,2.5999999999999996,1.2962962962962963,6.333333333333333,Moderate,0
146,22,Male,2,Business,6,6,7.2,4.0,5.0,3.9,0.0,4.1,TikTok,4.1,6.7,4.2,96.7,62.4,3.19,72.1,0.7999999999999998,0.8333333333333333,5.666666666666667,Moderate,0
147,19,Female,3,Engineering,5,5,6.3,3.0,4.0,3.9,0.6,2.9,Both,4.9,8.7,3.2,72.9,74.0,2.7,70.5,1.7000000000000002,0.7936507936507937,5.333333333333333,Moderate,0
148,19,Male,4,Other,7,9,4.6,1.0,3.0,4.1,1.5,3.9,Both,4.0,3.7,3.2,68.3,64.9,2.17,56.1,3.4000000000000004,1.5217391304347827,7.666666666666667,Moderate,1
149,22,Female,2,Other,5,6,6.8,3.0,6.0,4.7,1.7,2.0,Both,3.4,7.0,3.4,76.3,73.0,2.69,71.7,1.2000000000000002,0.7352941176470589,5.0,Moderate,0
150,22,Male,2,Arts,10,9,3.5,1.0,3.0,4.9,2.2,2.7,TikTok,3.0,7.7,0.1,77.2,32.5,1.61,41.6,4.5,2.857142857142857,8.666666666666666,Moderate,1
151,21,Female,1,Computer Science,5,3,4.7,2.0,6.0,5.2,1.5,1.2,TikTok,3.7,7.3,4.5,77.3,70.6,2.54,69.4,3.3,1.0638297872340425,4.0,High,0
152,22,Female,1,Arts,6,6,6.5,3.0,6.0,4.4,2.3,2.7,TikTok,1.7,4.2,2.2,83.2,63.8,2.4,59.1,1.5,0.9230769230769231,5.333333333333333,Moderate,0
153,20,Other,1,Business,8,9,6.7,1.0,5.0,4.5,2.3,3.3,Instagram,1.8,7.4,3.0,56.5,58.6,2.11,65.8,1.2999999999999998,1.1940298507462686,7.333333333333333,Moderate,0
154,21,Female,2,Engineering,8,9,6.0,2.0,4.0,5.6,1.8,5.2,Both,4.3,6.8,3.0,77.1,67.5,2.5,61.2,2.0,1.3333333333333333,7.666666666666667,High,0
155,21,Female,1,Business,8,7,4.9,2.0,4.0,3.9,1.6,2.9,Both,1.6,6.2,1.7,67.1,43.0,1.86,43.0,3.0999999999999996,1.6326530612244896,7.0,Moderate,1
156,20,Female,4,Arts,8,9,4.9,2.0,3.0,2.1,0.6,3.9,Both,3.0,6.0,0.7,80.0,43.9,2.23,55.3,3.0999999999999996,1.6326530612244896,8.0,Moderate,1
157,24,Female,2,Arts,4,5,7.1,4.0,6.0,3.8,2.1,2.8,TikTok,1.8,8.2,2.6,79.5,75.9,2.67,75.8,0.9000000000000004,0.5633802816901409,4.333333333333333,Moderate,0
158,22,Female,2,Science,6,7,7.1,1.0,7.0,6.1,2.8,2.7,Both,2.8,6.7,2.8,77.3,69.8,3.18,66.6,0.9000000000000004,0.8450704225352114,5.333333333333333,High,0
159,19,Male,2,Other,6,7,6.2,1.0,6.0,7.5,2.1,2.4,Both,2.8,5.9,3.3,88.2,70.9,2.61,70.4,1.7999999999999998,0.9677419354838709,5.666666666666667,High,0
160,22,Other,1,Engineering,5,5,8.0,4.0,6.0,4.8,3.3,2.9,TikTok,2.5,5.0,4.7,94.7,84.6,2.79,75.7,0.0,0.625,4.666666666666667,Moderate,0
161,19,Female,2,Business,4,3,6.7,4.0,6.0,3.7,0.5,3.7,TikTok,1.2,6.4,4.3,91.3,63.8,3.85,86.1,1.2999999999999998,0.5970149253731343,3.6666666666666665,Moderate,0
162,22,Female,3,Arts,4,5,5.4,3.0,7.0,2.9,0.2,2.1,Both,3.5,6.3,2.0,85.9,55.4,2.08,57.7,2.5999999999999996,0.7407407407407407,4.0,Moderate,0
163,23,Male,2,Arts,7,8,6.3,2.0,5.0,5.8,2.1,3.9,Both,2.1,5.7,3.9,73.4,59.5,2.54,52.5,1.7000000000000002,1.1111111111111112,6.666666666666667,High,0
164,20,Female,2,Arts,6,6,4.8,1.0,4.0,4.6,1.4,2.9,TikTok,2.6,5.3,1.1,79.5,42.8,1.42,37.0,3.2,1.25,6.0,Moderate,0
165,23,Male,4,Science,5,8,5.9,3.0,7.0,5.9,2.1,2.1,TikTok,4.9,8.4,3.7,78.7,55.8,3.58,73.2,2.0999999999999996,0.847457627118644,5.333333333333333,High,0
166,22,Female,4,Engineering,7,6,7.2,3.0,5.0,4.4,1.6,5.2,Both,4.8,5.0,5.3,81.6,82.8,3.59,85.4,0.7999999999999998,0.9722222222222222,6.0,Moderate,0
167,22,Male,3,Arts,4,4,7.0,4.0,6.0,2.1,0.5,2.3,Instagram,1.8,8.3,3.8,79.0,60.6,2.93,68.8,1.0,0.5714285714285714,4.0,Moderate,0
168,24,Female,2,Business,7,6,8.2,4.0,5.0,3.3,1.5,4.4,Both,5.4,5.5,0.8,81.8,67.2,2.45,68.5,-0.1999999999999993,0.853658536585366,6.0,Moderate,0
169,21,Other,3,Engineering,4,4,5.8,2.0,4.0,2.7,0.0,1.6,Instagram,3.1,4.9,2.8,95.4,65.1,2.74,68.4,2.2,0.6896551724137931,4.666666666666667,Moderate,0
170,20,Male,1,Arts,7,5,8.1,3.0,7.0,4.1,1.1,4.5,Both,2.0,4.1,5.0,81.3,72.8,2.4,63.2,-0.09999999999999964,0.8641975308641976,5.0,Moderate,0
171,19,Other,2,Business,7,8,6.3,2.0,4.0,3.9,1.8,3.4,Instagram,2.4,4.5,2.1,72.1,43.8,2.59,57.2,1.7000000000000002,1.1111111111111112,7.0,Moderate,0
172,20,Male,1,Arts,5,6,8.2,4.0,7.0,7.0,2.2,2.9,TikTok,3.3,5.8,4.7,77.9,81.7,3.51,87.8,-0.1999999999999993,0.6097560975609757,4.666666666666667,High,0
173,21,Female,2,Computer Science,3,3,6.4,2.0,7.0,5.5,2.0,1.0,Instagram,6.0,6.7,2.5,87.1,68.4,2.54,68.1,1.5999999999999996,0.46875,3.0,High,0
174,22,Female,2,Engineering,6,6,7.3,3.0,5.0,0.2,0.0,2.3,Both,1.4,7.1,2.6,83.7,64.3,2.55,61.7,0.7000000000000002,0.8219178082191781,5.666666666666667,Low,0
175,21,Female,1,Engineering,7,8,8.3,3.0,5.0,3.9,1.5,4.6,Both,0.2,6.1,2.8,78.8,55.7,2.34,58.8,-0.3000000000000007,0.8433734939759036,6.666666666666667,Moderate,0
176,22,Female,4,Computer Science,4,4,5.8,3.0,5.0,1.4,0.1,2.5,Both,4.3,6.3,5.3,79.5,84.5,3.11,73.4,2.2,0.6896551724137931,4.333333333333333,Low,0
177,21,Female,4,Business,8,9,6.1,1.0,5.0,3.9,2.9,4.4,Instagram,4.0,9.8,1.8,77.5,45.6,1.94,52.5,1.9000000000000004,1.3114754098360657,7.333333333333333,Moderate,0
178,23,Male,3,Arts,1,1,7.7,4.0,9.0,0.9,0.8,1.0,Instagram,3.6,6.4,2.4,95.2,63.8,3.1,83.6,0.2999999999999998,0.12987012987012986,1.0,Low,0
179,21,Male,2,Computer Science,3,3,6.3,4.0,7.0,3.3,0.3,1.6,Instagram,4.4,6.6,6.1,90.5,92.5,3.32,90.3,1.7000000000000002,0.4761904761904762,3.0,Moderate,0
180,26,Female,4,Computer Science,6,7,4.8,1.0,5.0,3.9,1.4,3.1,Instagram,2.1,4.3,2.7,78.8,70.3,2.57,71.3,3.2,1.25,6.0,Moderate,0
181,22,Female,1,Other,4,5,9.1,5.0,8.0,4.5,1.1,3.7,Both,1.8,5.5,4.4,87.1,88.4,3.2,83.5,-1.0999999999999996,0.43956043956043955,3.6666666666666665,Moderate,0
182,20,Female,3,Business,8,8,5.6,1.0,4.0,5.2,2.3,3.9,TikTok,3.8,6.5,0.2,72.3,42.5,1.57,38.0,2.4000000000000004,1.4285714285714286,7.333333333333333,High,0
183,19,Female,1,Business,2,2,6.7,3.0,10.0,5.2,0.5,2.1,Both,5.9,5.6,3.9,90.5,81.2,3.3,77.5,1.2999999999999998,0.29850746268656714,1.3333333333333333,High,0
184,22,Male,3,Science,10,3,7.5,4.0,7.0,3.5,0.0,2.9,TikTok,3.4,5.9,3.8,92.3,81.8,3.13,83.4,0.5,1.3333333333333333,5.333333333333333,Moderate,0
185,21,Female,1,Engineering,5,5,6.0,2.0,6.0,0.5,0.0,2.0,Instagram,4.4,6.3,1.7,88.4,65.9,2.39,59.9,2.0,0.8333333333333334,4.666666666666667,Low,0
186,22,Male,4,Business,7,8,4.9,1.0,3.0,6.1,2.0,3.0,Instagram,1.6,5.1,2.9,69.4,51.8,2.38,54.7,3.0999999999999996,1.4285714285714284,7.333333333333333,High,1
187,22,Female,4,Science,3,3,6.3,2.0,6.0,3.3,0.6,0.1,Instagram,4.3,6.2,1.9,84.8,73.9,2.64,70.4,1.7000000000000002,0.4761904761904762,3.3333333333333335,Moderate,0
188,21,Male,1,Computer Science,9,8,4.7,1.0,1.0,4.6,0.5,3.6,Instagram,1.4,6.5,0.3,61.4,29.9,1.3,31.2,3.3,1.9148936170212765,8.666666666666666,Moderate,1
189,20,Male,2,Business,7,7,6.0,1.0,4.0,4.8,2.6,3.4,Both,5.8,5.2,3.6,68.6,66.3,2.25,61.7,2.0,1.1666666666666667,6.666666666666667,Moderate,0
190,18,Male,4,Business,7,7,5.9,1.0,4.0,3.0,1.7,1.7,Instagram,2.4,4.9,2.8,66.7,57.5,2.14,48.9,2.0999999999999996,1.1864406779661016,6.666666666666667,Moderate,0
191,20,Male,2,Science,5,4,6.0,2.0,5.0,2.7,1.5,1.3,Instagram,2.3,6.5,2.4,72.5,57.7,2.81,63.8,2.0,0.8333333333333334,4.666666666666667,Moderate,0
192,22,Female,4,Engineering,8,9,4.3,1.0,3.0,6.5,2.8,4.2,Instagram,3.4,6.4,1.8,63.5,35.5,1.76,63.2,3.7,1.8604651162790697,8.0,High,1
193,21,Male,2,Engineering,4,4,8.2,5.0,7.0,5.4,2.0,2.6,Both,3.6,6.7,3.2,90.3,72.9,2.85,70.5,-0.1999999999999993,0.48780487804878053,3.6666666666666665,High,0
194,19,Male,2,Science,7,5,6.4,2.0,5.0,2.9,1.1,4.0,Both,3.2,5.6,3.1,69.5,41.0,2.22,46.0,1.5999999999999996,1.09375,5.666666666666667,Moderate,0
195,21,Male,1,Engineering,6,7,8.2,5.0,6.0,0.4,0.9,5.2,Both,5.2,5.8,3.0,85.0,66.4,2.34,65.4,-0.1999999999999993,0.7317073170731708,5.666666666666667,Low,0
196,22,Male,1,Business,5,5,6.4,2.0,8.0,5.8,2.1,1.3,Instagram,4.2,8.0,1.3,87.3,49.5,2.73,58.3,1.5999999999999996,0.78125,4.0,High,0
197,19,Male,3,Computer Science,7,8,5.0,1.0,5.0,1.9,1.7,1.9,Instagram,2.5,7.2,1.5,67.4,73.2,2.12,62.7,3.0,1.4,6.666666666666667,Low,1
198,21,Male,2,Computer Science,6,7,6.7,1.0,6.0,6.2,1.3,2.0,Both,4.9,6.8,1.9,77.9,66.8,2.68,66.1,1.2999999999999998,0.8955223880597015,5.666666666666667,High,0
199,21,Female,2,Arts,6,6,6.2,2.0,5.0,1.4,0.5,3.8,Both,1.8,5.3,2.0,68.2,58.0,2.33,58.2,1.7999999999999998,0.9677419354838709,5.666666666666667,Low,0
200,19,Female,2,Engineering,6,4,4.9,1.0,5.0,4.4,1.9,1.4,Instagram,2.3,6.3,2.6,68.3,68.3,2.05,64.2,3.0999999999999996,1.2244897959183672,5.0,Moderate,0
201,22,Female,2,Computer Science,6,4,8.1,4.0,6.0,3.7,1.4,5.0,Both,3.4,4.9,3.2,91.8,74.6,2.67,72.3,-0.09999999999999964,0.7407407407407408,4.666666666666667,Moderate,0
202,22,Female,4,Computer Science,3,2,5.3,3.0,6.0,3.5,0.6,1.6,TikTok,2.6,6.1,0.8,85.1,50.6,2.18,48.5,2.7,0.5660377358490566,3.0,Moderate,0
203,23,Male,4,Engineering,8,8,4.0,1.0,4.0,5.5,2.7,3.0,Instagram,5.1,6.0,2.9,84.9,49.3,2.04,49.0,4.0,2.0,7.333333333333333,High,1
204,23,Female,2,Arts,3,4,8.0,5.0,8.0,3.4,0.8,2.6,TikTok,6.6,6.9,3.7,87.3,87.4,3.21,82.1,0.0,0.375,3.0,Moderate,0
205,19,Female,4,Science,6,6,5.2,1.0,6.0,2.1,0.1,2.0,Instagram,3.3,5.8,1.4,85.8,46.9,2.44,55.4,2.8,1.1538461538461537,5.333333333333333,Moderate,0
206,19,Female,3,Computer Science,10,10,5.3,1.0,2.0,3.2,1.0,4.5,Instagram,2.3,6.2,2.4,62.2,49.6,2.41,58.6,2.7,1.8867924528301887,9.333333333333334,Moderate,0
207,22,Male,2,Other,6,5,4.5,1.0,4.0,4.1,2.4,2.2,Both,3.1,7.3,0.0,71.1,49.5,1.57,43.9,3.5,1.3333333333333333,5.666666666666667,Moderate,0
208,22,Male,4,Engineering,5,5,7.9,4.0,6.0,4.7,2.1,4.0,Instagram,3.4,5.3,1.6,100.0,62.1,2.47,61.9,0.09999999999999964,0.6329113924050632,4.666666666666667,Moderate,0
209,22,Male,1,Computer Science,6,6,5.3,3.0,5.0,1.8,1.2,2.3,Both,3.7,5.4,4.7,71.3,71.3,2.82,63.0,2.7,1.1320754716981132,5.666666666666667,Low,0
210,26,Male,1,Arts,5,5,7.1,2.0,6.0,4.2,1.3,2.6,Both,3.4,6.6,3.2,90.8,76.3,2.38,71.7,0.9000000000000004,0.7042253521126761,4.666666666666667,Moderate,0
211,22,Female,4,Other,9,10,7.0,2.0,4.0,4.7,2.3,6.5,Instagram,3.6,5.7,1.1,74.0,52.4,1.97,50.0,1.0,1.2857142857142858,8.333333333333334,Moderate,0
212,23,Female,2,Business,6,8,6.3,4.0,7.0,4.7,1.3,4.0,TikTok,5.7,6.1,2.8,75.7,67.4,2.8,69.7,1.7000000000000002,0.9523809523809524,5.666666666666667,Moderate,0
213,23,Female,4,Computer Science,6,6,6.3,1.0,5.0,3.5,1.3,2.8,Both,1.1,7.3,2.6,66.4,59.9,2.29,59.4,1.7000000000000002,0.9523809523809524,5.666666666666667,Moderate,0
214,22,Female,4,Engineering,8,9,4.1,1.0,3.0,3.9,0.7,3.7,Both,2.0,5.0,1.7,68.8,51.3,1.98,47.6,3.9000000000000004,1.9512195121951221,8.0,Moderate,1
215,20,Female,1,Science,3,3,5.7,2.0,6.0,3.5,0.4,1.1,TikTok,2.8,4.1,3.8,75.6,59.8,2.92,66.1,2.3,0.5263157894736842,3.3333333333333335,Moderate,0
216,22,Female,4,Engineering,10,7,6.2,2.0,4.0,3.4,1.0,4.8,TikTok,4.2,5.2,1.9,73.1,63.0,1.35,44.2,1.7999999999999998,1.6129032258064515,7.666666666666667,Moderate,0
217,20,Other,2,Other,6,6,5.5,1.0,5.0,4.3,1.4,0.7,Instagram,4.5,8.9,3.1,65.4,60.5,2.25,63.0,2.5,1.0909090909090908,5.666666666666667,Moderate,0
218,21,Male,2,Computer Science,3,2,6.6,3.0,7.0,2.1,1.1,1.6,Instagram,4.7,6.5,3.4,89.4,70.1,3.44,71.0,1.4000000000000004,0.4545454545454546,2.6666666666666665,Moderate,0
219,20,Male,3,Computer Science,4,4,6.8,4.0,6.0,5.7,1.7,2.5,Both,1.1,5.1,2.8,71.8,71.6,2.75,66.6,1.2000000000000002,0.5882352941176471,4.0,High,0
220,21,Male,4,Other,4,3,7.0,3.0,7.0,1.9,0.0,2.1,Both,3.2,6.4,2.3,83.8,71.9,1.9,57.3,1.0,0.5714285714285714,3.3333333333333335,Low,0
221,25,Female,1,Engineering,6,6,5.6,1.0,6.0,3.7,1.4,2.9,TikTok,1.7,6.8,3.7,66.4,57.9,2.09,63.2,2.4000000000000004,1.0714285714285714,5.333333333333333,Moderate,0
222,18,Female,2,Science,2,2,8.6,5.0,8.0,2.3,0.9,2.3,Both,3.4,6.3,4.9,100.0,91.4,3.76,95.3,-0.5999999999999996,0.23255813953488372,2.0,Moderate,0
223,22,Male,3,Engineering,4,5,7.1,1.0,6.0,4.2,2.6,3.1,Instagram,3.5,6.9,4.5,71.1,78.4,2.95,70.1,0.9000000000000004,0.5633802816901409,4.333333333333333,Moderate,0
224,18,Other,3,Engineering,5,5,5.9,2.0,6.0,4.5,0.2,1.5,TikTok,1.7,5.9,3.0,76.3,65.6,1.77,53.5,2.0999999999999996,0.847457627118644,4.666666666666667,Moderate,0
225,20,Male,3,Engineering,5,7,7.3,4.0,6.0,4.6,1.9,2.9,Both,2.6,6.9,3.6,85.9,84.1,3.11,83.1,0.7000000000000002,0.684931506849315,5.333333333333333,Moderate,0
226,23,Other,1,Business,3,5,9.4,5.0,8.0,3.9,1.6,2.0,TikTok,4.8,7.0,4.0,95.9,84.1,2.54,95.6,-1.4000000000000004,0.3191489361702127,3.3333333333333335,Moderate,0
227,21,Male,1,Science,6,5,5.1,1.0,5.0,2.6,0.4,3.4,Both,2.4,5.4,3.4,66.8,61.8,2.21,57.0,2.9000000000000004,1.1764705882352942,5.333333333333333,Moderate,0
228,19,Male,2,Engineering,6,7,6.0,2.0,4.0,4.2,1.7,4.4,Instagram,3.1,6.1,2.0,66.4,51.9,2.66,55.8,2.0,1.0,6.333333333333333,Moderate,0
229,20,Female,3,Engineering,6,8,3.5,1.0,5.0,3.9,0.6,1.7,Instagram,6.0,6.5,1.0,79.8,42.2,1.8,44.9,4.5,1.7142857142857142,6.333333333333333,Moderate,0
230,22,Male,1,Engineering,5,6,6.9,4.0,5.0,4.1,1.4,4.5,Instagram,5.7,4.8,3.3,83.7,72.8,2.54,69.9,1.0999999999999996,0.7246376811594203,5.333333333333333,Moderate,0
231,20,Male,1,Other,5,6,6.3,3.0,5.0,3.1,0.4,1.9,Instagram,3.4,5.7,2.9,72.5,63.3,2.42,63.3,1.7000000000000002,0.7936507936507937,5.333333333333333,Moderate,0
232,21,Male,4,Computer Science,5,3,5.9,2.0,5.0,2.6,1.1,4.4,TikTok,3.6,4.4,3.0,85.3,65.1,2.09,60.4,2.0999999999999996,0.847457627118644,4.333333333333333,Moderate,0
233,21,Female,1,Other,5,5,5.9,2.0,7.0,6.1,3.9,4.5,Both,7.3,7.5,3.2,80.2,68.8,2.97,72.9,2.0999999999999996,0.847457627118644,4.333333333333333,High,0
234,20,Female,4,Science,7,7,3.6,1.0,3.0,5.2,2.5,4.0,Both,4.0,6.1,1.1,66.6,45.7,1.99,49.7,4.4,1.9444444444444444,7.0,High,1
235,25,Male,3,Science,5,7,6.9,3.0,6.0,4.5,2.1,2.3,Instagram,3.7,8.1,3.0,76.8,68.3,2.59,72.0,1.0999999999999996,0.7246376811594203,5.333333333333333,Moderate,0
236,22,Female,4,Computer Science,5,4,7.6,5.0,6.0,3.7,1.6,3.5,Both,5.6,6.2,3.0,81.0,70.1,3.09,73.0,0.40000000000000036,0.6578947368421053,4.333333333333333,Moderate,0
237,18,Female,1,Science,6,6,5.8,2.0,5.0,2.4,0.4,3.9,Both,3.3,5.9,3.7,72.2,70.6,2.16,57.1,2.2,1.0344827586206897,5.666666666666667,Moderate,0
238,21,Male,1,Science,4,5,6.3,4.0,6.0,4.9,1.4,2.5,Both,4.2,4.7,3.3,87.7,63.8,3.12,85.9,1.7000000000000002,0.6349206349206349,4.333333333333333,Moderate,0
239,20,Male,3,Engineering,5,4,4.3,1.0,5.0,3.9,1.6,0.7,Instagram,3.6,5.4,2.8,86.6,72.1,2.53,62.7,3.7,1.1627906976744187,4.666666666666667,Moderate,0
240,22,Male,4,Engineering,6,6,6.5,2.0,6.0,4.2,0.6,2.1,Both,4.0,4.5,1.7,70.7,54.1,2.16,50.2,1.5,0.9230769230769231,5.333333333333333,Moderate,0
241,20,Male,3,Engineering,9,9,5.6,1.0,2.0,5.0,2.3,4.7,Instagram,4.0,7.2,2.5,69.2,59.9,2.19,54.2,2.4000000000000004,1.6071428571428572,8.666666666666666,Moderate,0
242,21,Female,1,Science,8,9,6.3,2.0,4.0,3.9,2.3,4.6,Both,4.3,5.5,2.2,73.2,45.0,1.93,42.4,1.7000000000000002,1.2698412698412698,7.666666666666667,Moderate,0
243,22,Male,3,Arts,6,7,5.4,1.0,4.0,7.7,2.6,1.6,TikTok,3.1,8.0,2.8,79.3,51.4,2.51,61.7,2.5999999999999996,1.111111111111111,6.333333333333333,High,0
244,22,Female,3,Engineering,4,4,5.8,2.0,7.0,2.6,0.1,0.0,Instagram,3.6,3.7,5.5,88.3,87.6,3.32,85.2,2.2,0.6896551724137931,3.6666666666666665,Moderate,0
245,19,Female,3,Engineering,6,6,6.4,3.0,5.0,3.0,0.9,4.3,Instagram,0.7,7.1,2.8,75.2,68.6,2.51,67.9,1.5999999999999996,0.9375,5.666666666666667,Moderate,0
246,20,Male,3,Computer Science,5,3,4.6,2.0,5.0,3.0,0.6,0.9,Instagram,3.3,6.5,2.0,72.7,62.7,2.17,59.9,3.4000000000000004,1.0869565217391306,4.333333333333333,Moderate,0
247,20,Female,4,Engineering,5,5,6.3,1.0,7.0,3.9,1.8,2.3,Instagram,5.4,7.3,2.9,84.5,60.3,2.85,65.6,1.7000000000000002,0.7936507936507937,4.333333333333333,Moderate,0
248,20,Male,3,Science,2,2,6.0,3.0,9.0,1.6,0.0,0.4,Instagram,4.9,5.8,3.4,77.3,72.3,3.44,83.2,2.0,0.3333333333333333,1.6666666666666667,Low,0
249,24,Other,1,Computer Science,5,6,5.7,3.0,4.0,3.3,0.1,4.7,TikTok,1.7,6.0,4.1,63.7,70.9,3.15,73.4,2.3,0.8771929824561403,5.666666666666667,Moderate,0
250,22,Female,2,Engineering,5,5,8.5,3.0,8.0,3.8,1.5,2.2,TikTok,0.7,5.3,4.6,99.9,78.5,2.86,74.1,-0.5,0.5882352941176471,4.0,Moderate,0
251,19,Female,1,Engineering,7,7,5.6,3.0,2.0,3.1,1.4,3.7,TikTok,3.2,4.5,2.5,69.4,63.0,2.48,60.0,2.4000000000000004,1.25,7.333333333333333,Moderate,0
252,23,Female,2,Business,7,7,5.8,2.0,5.0,1.8,2.0,3.9,Instagram,4.3,4.8,4.0,73.8,63.2,3.01,74.7,2.2,1.206896551724138,6.333333333333333,Low,0
253,25,Male,2,Science,7,6,5.6,1.0,3.0,4.7,2.5,3.6,Both,2.6,4.4,1.0,77.8,47.1,1.89,46.9,2.4000000000000004,1.25,6.666666666666667,Moderate,0
254,23,Female,1,Business,2,1,8.8,5.0,8.0,3.9,1.3,1.8,Instagram,0.9,6.3,5.1,92.5,79.4,3.87,91.1,-0.8000000000000007,0.22727272727272727,1.6666666666666667,Moderate,0
255,18,Other,2,Computer Science,3,3,6.8,2.0,7.0,1.9,0.0,0.0,Instagram,2.9,6.0,4.4,91.3,87.8,3.19,81.3,1.2000000000000002,0.4411764705882353,3.0,Low,0
256,20,Female,1,Engineering,7,8,5.5,1.0,3.0,5.9,1.4,2.9,Instagram,3.8,4.3,1.8,81.3,56.3,1.88,54.1,2.5,1.2727272727272727,7.333333333333333,High,0
257,23,Female,3,Business,4,3,7.5,2.0,7.0,2.0,0.2,2.0,Instagram,5.6,7.4,3.4,78.6,56.5,2.86,67.5,0.5,0.5333333333333333,3.3333333333333335,Low,0
258,20,Female,4,Business,5,5,6.0,2.0,5.0,2.5,0.6,2.9,Instagram,3.3,3.9,4.2,88.3,76.4,2.43,62.0,2.0,0.8333333333333334,5.0,Moderate,0
259,22,Male,1,Engineering,5,6,7.0,4.0,7.0,4.8,2.2,1.8,Instagram,4.8,8.4,4.0,87.2,70.9,2.97,72.7,1.0,0.7142857142857143,4.666666666666667,Moderate,0
260,22,Male,4,Arts,6,7,5.6,2.0,6.0,3.3,1.3,2.9,Instagram,4.8,8.8,2.8,80.9,58.0,2.13,55.8,2.4000000000000004,1.0714285714285714,5.666666666666667,Moderate,0
261,19,Female,2,Science,7,7,5.4,2.0,5.0,2.7,1.4,3.4,TikTok,1.7,6.3,4.1,75.6,64.1,2.51,62.3,2.5999999999999996,1.2962962962962963,6.333333333333333,Moderate,0
262,21,Male,1,Business,6,7,7.0,2.0,6.0,2.7,2.1,3.2,Both,4.9,7.8,4.0,79.5,63.2,3.24,77.8,1.0,0.8571428571428571,5.666666666666667,Moderate,0
263,18,Female,1,Engineering,7,8,5.8,1.0,4.0,5.3,2.4,4.2,TikTok,3.5,6.4,2.8,74.2,66.1,2.15,55.1,2.2,1.206896551724138,7.0,High,0
264,19,Other,2,Business,6,7,6.3,5.0,7.0,3.7,1.8,2.9,Instagram,1.2,5.0,2.3,74.6,75.2,2.42,65.6,1.7000000000000002,0.9523809523809524,5.333333333333333,Moderate,0
265,21,Male,3,Science,6,5,4.8,1.0,5.0,3.3,2.6,2.5,TikTok,6.0,6.4,3.6,70.6,62.0,2.56,60.2,3.2,1.25,5.333333333333333,Moderate,0
266,19,Male,3,Computer Science,5,7,7.7,4.0,6.0,3.9,1.4,3.7,Both,3.6,6.9,3.8,81.0,76.2,2.42,71.2,0.2999999999999998,0.6493506493506493,5.333333333333333,Moderate,0
267,24,Female,1,Engineering,8,8,6.8,1.0,5.0,5.1,2.2,3.2,Both,0.5,5.4,3.0,78.0,55.5,2.41,54.5,1.2000000000000002,1.1764705882352942,7.0,High,0
268,19,Male,1,Science,5,6,6.8,2.0,6.0,1.6,0.4,2.4,Both,3.4,3.0,3.6,83.0,58.2,2.72,57.2,1.2000000000000002,0.7352941176470589,5.0,Low,0
269,20,Female,2,Business,8,8,7.2,2.0,4.0,4.7,3.0,6.3,Both,1.7,7.5,3.4,77.8,71.8,2.42,67.1,0.7999999999999998,1.1111111111111112,7.333333333333333,Moderate,0
270,21,Male,1,Arts,5,5,6.3,2.0,4.0,5.0,1.3,1.3,Instagram,3.4,6.8,3.8,76.1,64.0,2.65,64.8,1.7000000000000002,0.7936507936507937,5.333333333333333,Moderate,0
271,23,Female,1,Business,4,4,7.8,3.0,6.0,3.0,0.7,3.2,TikTok,2.8,5.9,2.8,88.1,81.1,2.87,79.6,0.20000000000000018,0.5128205128205129,4.0,Moderate,0
272,19,Male,1,Arts,8,6,3.5,1.0,4.0,3.7,1.6,4.3,Both,3.1,5.0,0.5,66.4,44.4,1.21,39.4,4.5,2.2857142857142856,6.666666666666667,Moderate,1
273,23,Female,3,Computer Science,6,5,5.5,1.0,5.0,5.6,2.3,3.1,Instagram,3.4,5.8,2.9,82.6,64.3,2.42,62.0,2.5,1.0909090909090908,5.333333333333333,High,0
274,21,Male,4,Computer Science,8,7,4.9,1.0,3.0,4.0,1.4,3.7,Both,3.5,6.3,4.4,75.9,62.6,2.27,54.3,3.0999999999999996,1.6326530612244896,7.333333333333333,Moderate,1
275,19,Female,2,Science,5,4,4.9,1.0,6.0,4.3,0.4,1.3,TikTok,3.4,7.1,2.5,79.5,66.6,2.47,59.8,3.0999999999999996,1.0204081632653061,4.333333333333333,Moderate,0
276,22,Male,4,Business,7,7,5.7,3.0,3.0,3.7,1.7,3.1,Both,2.1,6.3,2.8,68.8,51.4,2.0,44.4,2.3,1.2280701754385965,7.0,Moderate,0
277,21,Female,2,Computer Science,5,5,6.8,3.0,6.0,2.8,0.9,2.7,Instagram,5.3,5.2,4.0,79.5,83.4,3.11,79.8,1.2000000000000002,0.7352941176470589,4.666666666666667,Moderate,0
278,20,Female,2,Other,6,7,7.1,2.0,7.0,4.0,1.5,3.7,Both,1.7,5.2,2.3,80.4,62.8,2.41,59.2,0.9000000000000004,0.8450704225352114,5.333333333333333,Moderate,0
279,21,Male,1,Computer Science,6,5,6.9,2.0,5.0,6.0,2.5,4.5,Both,4.0,6.1,3.4,81.5,78.4,2.34,66.8,1.0999999999999996,0.8695652173913043,5.333333333333333,High,0
280,20,Male,3,Science,5,5,5.3,1.0,6.0,2.8,0.0,3.3,Instagram,6.2,7.7,2.7,78.3,62.2,2.9,63.2,2.7,0.9433962264150944,4.666666666666667,Moderate,0
281,21,Male,4,Engineering,5,4,6.3,3.0,7.0,4.4,1.8,3.1,Instagram,3.2,5.6,4.4,76.4,74.8,2.75,78.2,1.7000000000000002,0.7936507936507937,4.0,Moderate,0
282,22,Female,3,Business,6,4,6.4,3.0,6.0,2.7,1.1,3.4,Both,4.0,6.3,1.7,81.6,59.2,2.24,59.4,1.5999999999999996,0.9375,4.666666666666667,Moderate,0
283,24,Female,2,Arts,5,6,7.7,4.0,5.0,2.3,0.9,2.9,TikTok,1.8,4.5,5.8,76.8,87.8,3.43,87.0,0.2999999999999998,0.6493506493506493,5.333333333333333,Moderate,0
284,19,Female,3,Business,5,6,6.8,4.0,6.0,4.0,0.5,3.1,TikTok,3.0,6.2,2.7,80.0,80.0,2.94,70.9,1.2000000000000002,0.7352941176470589,5.0,Moderate,0
285,25,Male,1,Business,6,7,7.0,4.0,7.0,5.2,1.5,3.5,Instagram,5.3,6.5,3.2,86.0,63.7,2.62,64.7,1.0,0.8571428571428571,5.333333333333333,High,0
286,18,Male,4,Computer Science,5,4,4.7,2.0,4.0,3.6,0.0,3.7,Both,4.4,4.5,2.8,80.9,60.4,2.48,64.4,3.3,1.0638297872340425,5.0,Moderate,0
287,21,Female,2,Science,5,5,5.7,2.0,5.0,3.9,1.4,3.7,Both,3.8,6.1,1.4,72.2,56.5,2.51,61.3,2.3,0.8771929824561403,5.0,Moderate,0
288,22,Female,2,Computer Science,4,5,5.9,3.0,6.0,3.7,0.7,1.3,Instagram,0.6,6.3,4.1,81.1,57.1,3.12,65.0,2.0999999999999996,0.6779661016949152,4.333333333333333,Moderate,0
289,21,Other,2,Science,5,6,6.1,1.0,6.0,4.6,1.7,1.6,Instagram,2.5,7.9,2.6,92.5,63.8,2.54,61.2,1.9000000000000004,0.819672131147541,5.0,Moderate,0
290,20,Male,3,Science,4,5,6.4,3.0,6.0,3.2,0.5,2.5,TikTok,6.1,6.5,3.8,90.1,71.1,3.18,76.0,1.5999999999999996,0.625,4.333333333333333,Moderate,0
291,21,Female,1,Business,2,3,7.4,4.0,5.0,4.8,1.6,2.0,Both,3.5,6.9,3.0,88.0,97.4,2.83,81.4,0.5999999999999996,0.27027027027027023,3.3333333333333335,Moderate,0
292,20,Male,3,Computer Science,9,10,6.0,2.0,4.0,4.8,2.4,3.5,Instagram,4.4,4.9,1.6,81.3,63.8,2.54,41.9,2.0,1.5,8.333333333333334,Moderate,0
293,20,Male,1,Engineering,4,4,6.6,2.0,7.0,3.9,1.8,3.2,Both,3.8,6.5,2.7,98.2,73.6,2.91,65.6,1.4000000000000004,0.6060606060606061,3.6666666666666665,Moderate,0
294,22,Female,3,Engineering,7,8,6.4,2.0,4.0,5.7,2.2,3.7,Both,2.5,5.3,3.1,81.5,50.7,2.18,50.0,1.5999999999999996,1.09375,7.0,High,0
295,22,Female,4,Other,5,6,5.4,1.0,5.0,2.0,0.8,1.2,Instagram,4.3,5.9,3.4,68.4,65.6,2.41,63.5,2.5999999999999996,0.9259259259259258,5.333333333333333,Low,0
296,20,Other,3,Engineering,7,7,5.1,1.0,3.0,5.2,1.5,3.7,TikTok,1.6,9.0,1.9,75.9,59.7,2.19,60.1,2.9000000000000004,1.3725490196078431,7.0,High,0
297,23,Male,2,Business,8,9,4.6,1.0,4.0,3.0,0.6,3.9,Both,1.5,5.1,1.2,77.5,64.6,1.69,52.6,3.4000000000000004,1.7391304347826089,7.666666666666667,Moderate,1
298,22,Male,2,Business,5,6,5.7,3.0,5.0,5.2,1.1,2.7,Instagram,2.5,5.8,2.8,65.1,59.7,2.62,66.6,2.3,0.8771929824561403,5.333333333333333,High,0
299,22,Female,1,Business,6,5,7.3,4.0,6.0,5.6,1.7,2.9,Instagram,3.6,7.2,3.0,87.2,52.4,2.28,54.6,0.7000000000000002,0.8219178082191781,5.0,High,0
300,22,Female,3,Arts,4,3,5.5,2.0,4.0,2.2,0.8,3.1,Both,1.2,4.7,3.1,79.5,62.3,2.32,56.9,2.5,0.7272727272727273,4.333333333333333,Moderate,0
301,20,Male,1,Engineering,9,9,6.3,1.0,5.0,5.5,1.4,2.9,TikTok,3.2,6.4,3.9,80.8,54.5,2.82,61.6,1.7000000000000002,1.4285714285714286,7.666666666666667,High,0
302,20,Male,2,Business,6,5,6.8,3.0,6.0,1.8,1.4,3.0,Both,1.9,6.4,3.4,77.9,61.0,2.4,62.2,1.2000000000000002,0.8823529411764706,5.0,Low,0
303,22,Male,1,Science,4,4,7.3,3.0,8.0,4.1,2.0,2.8,Instagram,2.1,6.2,5.4,86.2,91.0,3.17,83.6,0.7000000000000002,0.547945205479452,3.3333333333333335,Moderate,0
304,22,Female,1,Arts,8,8,5.5,1.0,5.0,5.4,2.5,3.9,Both,5.2,9.2,1.7,76.9,52.5,2.54,51.1,2.5,1.4545454545454546,7.0,High,0
305,21,Male,3,Engineering,9,10,7.2,2.0,2.0,5.8,2.4,5.7,Instagram,3.4,4.6,2.0,79.2,43.3,1.82,39.0,0.7999999999999998,1.25,9.0,High,0
306,21,Male,1,Business,3,3,7.9,5.0,7.0,3.2,0.6,2.0,Instagram,1.7,7.8,3.2,79.5,87.6,3.36,82.5,0.09999999999999964,0.37974683544303794,3.0,Moderate,0
307,23,Male,3,Engineering,6,7,5.1,1.0,5.0,4.8,1.8,2.9,Both,3.7,6.9,2.7,70.3,73.7,2.39,64.6,2.9000000000000004,1.1764705882352942,6.0,Moderate,0
308,20,Male,2,Science,5,5,5.4,2.0,5.0,3.7,2.0,1.5,Instagram,1.5,7.1,2.4,75.1,48.9,2.29,51.5,2.5999999999999996,0.9259259259259258,5.0,Moderate,0
309,22,Male,1,Engineering,5,7,8.0,4.0,5.0,4.2,1.8,4.0,TikTok,4.1,6.6,2.6,85.4,77.1,3.09,73.7,0.0,0.625,5.666666666666667,Moderate,0
310,21,Female,2,Engineering,3,4,6.2,3.0,6.0,1.9,0.0,1.2,Instagram,5.3,9.3,1.4,94.8,63.8,2.92,74.4,1.7999999999999998,0.48387096774193544,3.6666666666666665,Low,0
311,21,Male,1,Computer Science,5,5,4.2,1.0,4.0,3.9,1.1,1.7,Instagram,4.1,6.3,3.9,79.8,60.7,3.19,73.3,3.8,1.1904761904761905,5.333333333333333,Moderate,0
312,23,Female,1,Science,6,4,5.3,2.0,5.0,6.4,2.3,4.0,TikTok,6.2,7.3,1.7,74.8,44.0,2.22,58.0,2.7,1.1320754716981132,5.0,High,0
313,22,Male,3,Computer Science,7,8,6.0,2.0,2.0,3.4,1.0,2.9,Both,0.6,6.7,3.8,67.1,60.3,3.02,63.0,2.0,1.1666666666666667,7.666666666666667,Moderate,0
314,22,Female,1,Other,6,8,5.5,2.0,5.0,1.9,0.9,3.4,Both,3.5,5.5,2.1,81.1,54.1,2.49,59.6,2.5,1.0909090909090908,6.333333333333333,Low,0
315,23,Female,4,Business,9,9,5.6,1.0,3.0,6.0,3.3,4.2,Both,1.4,6.6,2.5,65.7,51.9,2.43,55.2,2.4000000000000004,1.6071428571428572,8.333333333333334,High,0
316,21,Female,1,Engineering,6,6,6.7,2.0,4.0,4.5,1.2,3.0,TikTok,3.2,6.1,2.7,84.3,63.8,2.79,74.3,1.2999999999999998,0.8955223880597015,6.0,Moderate,0
317,22,Female,1,Science,4,3,8.3,3.0,7.0,2.6,1.1,4.7,Both,3.1,4.2,3.8,86.9,74.0,2.91,79.8,-0.3000000000000007,0.48192771084337344,3.3333333333333335,Moderate,0
318,20,Male,3,Computer Science,4,2,5.8,3.0,5.0,4.7,0.9,1.9,TikTok,6.7,5.5,2.0,94.4,54.1,2.46,52.1,2.2,0.6896551724137931,3.6666666666666665,Moderate,0
319,22,Male,2,Science,6,5,7.7,4.0,6.0,3.3,1.5,2.4,Instagram,3.5,6.2,4.4,77.1,70.8,2.42,63.2,0.2999999999999998,0.7792207792207793,5.0,Moderate,0
320,21,Female,1,Engineering,4,6,8.2,3.0,6.0,2.1,0.4,2.6,TikTok,3.0,7.4,3.2,96.3,82.9,2.4,67.7,-0.1999999999999993,0.48780487804878053,4.666666666666667,Moderate,0
321,21,Other,2,Business,4,5,8.0,3.0,6.0,2.0,1.4,1.9,Instagram,4.7,4.3,4.7,94.4,80.6,3.12,77.2,0.0,0.5,4.333333333333333,Low,0
322,22,Female,1,Computer Science,6,5,7.0,2.0,5.0,4.6,1.8,2.9,Instagram,3.1,6.4,1.1,79.5,63.8,2.62,55.8,1.0,0.8571428571428571,5.333333333333333,Moderate,0
323,20,Female,4,Computer Science,8,8,3.7,1.0,2.0,7.0,2.5,4.2,Instagram,6.1,7.7,2.8,65.5,41.6,1.63,45.7,4.3,2.162162162162162,8.0,High,1
324,25,Female,2,Engineering,6,8,6.3,3.0,6.0,3.9,1.9,3.5,TikTok,4.3,4.8,3.2,94.3,68.4,2.53,70.3,1.7000000000000002,0.9523809523809524,6.0,Moderate,0
325,19,Female,3,Arts,6,5,7.1,2.0,5.0,3.4,1.7,4.9,Both,4.1,5.2,2.6,75.4,63.8,2.77,73.8,0.9000000000000004,0.8450704225352114,5.333333333333333,Moderate,0
326,19,Male,4,Engineering,9,9,5.7,2.0,4.0,5.8,2.7,3.9,TikTok,0.7,6.0,2.4,70.2,43.1,1.66,37.5,2.3,1.5789473684210527,8.0,High,0
327,23,Female,2,Engineering,4,4,8.5,4.0,8.0,4.8,1.5,3.8,TikTok,3.4,7.7,3.8,92.7,70.9,3.77,84.7,-0.5,0.47058823529411764,3.3333333333333335,Moderate,0
328,22,Other,4,Computer Science,4,3,6.9,4.0,4.0,4.0,0.3,2.9,Instagram,2.7,8.2,5.6,83.6,77.6,3.18,63.2,1.0999999999999996,0.5797101449275363,4.333333333333333,Moderate,0
329,22,Male,2,Engineering,6,6,7.1,3.0,4.0,2.7,1.6,3.1,TikTok,3.1,5.4,3.4,79.5,70.6,2.94,73.6,0.9000000000000004,0.8450704225352114,6.0,Moderate,0
330,22,Female,4,Science,6,6,7.2,2.0,4.0,7.1,2.9,3.6,Instagram,2.6,4.9,2.5,73.8,62.9,2.44,61.7,0.7999999999999998,0.8333333333333333,6.0,High,0
331,21,Male,1,Engineering,6,5,7.0,2.0,8.0,4.2,1.5,3.2,Both,1.9,7.8,2.3,91.4,67.7,2.54,68.5,1.0,0.8571428571428571,4.333333333333333,Moderate,0
332,19,Female,3,Computer Science,7,8,3.2,1.0,3.0,5.7,1.2,3.0,Both,1.9,4.9,3.0,62.7,63.8,2.36,54.1,4.8,2.1875,7.333333333333333,High,1
333,21,Male,2,Computer Science,6,5,5.9,1.0,6.0,5.3,2.6,2.9,Instagram,3.6,6.9,0.8,76.9,50.1,2.18,51.9,2.0999999999999996,1.0169491525423728,5.0,High,0
334,20,Male,2,Arts,3,3,7.6,4.0,8.0,3.1,0.0,0.5,Instagram,1.4,8.9,2.8,76.8,85.2,3.61,90.1,0.40000000000000036,0.39473684210526316,2.6666666666666665,Moderate,0
335,23,Female,3,Computer Science,7,6,5.4,1.0,3.0,1.7,1.4,5.9,TikTok,3.1,6.4,0.7,79.5,60.3,1.69,51.5,2.5999999999999996,1.2962962962962963,6.666666666666667,Low,0
336,21,Male,3,Engineering,5,5,5.9,2.0,4.0,3.6,0.0,3.2,TikTok,5.1,7.5,4.0,93.9,63.7,2.52,65.2,2.0999999999999996,0.847457627118644,5.333333333333333,Moderate,0
337,20,Female,1,Business,7,6,5.4,3.0,5.0,3.6,2.3,4.3,Both,3.8,7.5,1.4,88.0,45.1,1.59,44.0,2.5999999999999996,1.2962962962962963,6.0,Moderate,0
338,20,Female,1,Science,5,5,6.3,4.0,5.0,4.3,1.5,2.7,Both,3.9,7.0,4.0,93.8,77.3,3.43,83.8,1.7000000000000002,0.7936507936507937,5.0,Moderate,0
339,22,Other,3,Engineering,5,5,8.1,3.0,7.0,4.2,2.2,1.9,TikTok,2.5,7.2,3.6,81.6,88.5,3.15,81.8,-0.09999999999999964,0.617283950617284,4.333333333333333,Moderate,0
340,20,Male,3,Business,5,6,5.1,1.0,4.0,4.0,1.6,2.7,TikTok,1.3,5.3,1.1,75.9,46.4,2.01,46.1,2.9000000000000004,0.9803921568627452,5.666666666666667,Moderate,0
341,20,Male,4,Computer Science,5,4,6.0,2.0,6.0,4.5,0.8,2.5,Both,5.3,8.2,3.7,79.9,69.8,2.93,63.2,2.0,0.8333333333333334,4.333333333333333,Moderate,0
342,21,Male,3,Engineering,5,7,5.4,3.0,6.0,3.7,1.5,1.3,Instagram,2.8,6.9,2.1,70.2,53.1,2.67,65.9,2.5999999999999996,0.9259259259259258,5.333333333333333,Moderate,0
343,21,Other,4,Science,3,2,6.6,2.0,7.0,5.3,1.5,1.5,Instagram,3.4,4.8,4.6,83.7,84.6,3.14,81.1,1.4000000000000004,0.4545454545454546,2.6666666666666665,High,0
344,20,Other,3,Engineering,5,5,6.6,3.0,6.0,2.4,0.4,2.6,Both,3.0,6.5,2.0,87.0,47.2,1.99,50.6,1.4000000000000004,0.7575757575757576,4.666666666666667,Moderate,0
345,20,Female,1,Engineering,6,8,7.5,3.0,6.0,6.0,3.3,3.0,Both,4.4,3.9,3.1,76.8,58.6,2.24,57.6,0.5,0.8,6.0,High,0
346,21,Female,1,Computer Science,7,10,7.0,3.0,6.0,6.8,2.0,2.9,Instagram,5.9,7.7,2.6,65.9,68.7,2.24,68.9,1.0,1.0,7.0,High,0
347,19,Female,3,Business,3,5,9.2,5.0,8.0,3.7,1.0,3.5,Instagram,5.9,6.4,3.5,86.0,80.6,3.4,82.6,-1.1999999999999993,0.32608695652173914,3.3333333333333335,Moderate,0
348,19,Female,3,Business,6,6,4.9,1.0,4.0,3.9,2.1,1.9,Instagram,3.4,7.9,4.0,77.4,60.6,2.14,58.8,3.0999999999999996,1.2244897959183672,6.0,Moderate,0
349,20,Male,1,Computer Science,6,7,4.7,1.0,6.0,4.8,2.2,2.5,Instagram,2.7,6.7,2.2,63.2,55.0,2.49,56.4,3.3,1.276595744680851,5.666666666666667,Moderate,0
350,21,Female,2,Engineering,7,8,6.0,3.0,4.0,3.5,1.4,4.6,TikTok,3.4,6.4,1.7,70.7,52.3,1.7,42.9,2.0,1.1666666666666667,7.0,Moderate,0
351,22,Male,4,Business,7,7,4.3,1.0,5.0,2.3,0.9,2.9,Both,4.9,5.3,2.4,70.9,57.7,1.99,53.3,3.7,1.627906976744186,6.333333333333333,Moderate,1
352,24,Female,2,Science,8,7,5.0,1.0,2.0,6.6,1.9,4.1,Both,3.4,6.8,0.1,73.1,24.8,2.54,31.1,3.0,1.6,7.666666666666667,High,0
353,22,Female,2,Business,10,10,5.4,1.0,1.0,4.1,2.1,5.9,Both,3.8,6.3,3.8,70.1,46.9,2.06,51.6,2.5999999999999996,1.8518518518518516,9.666666666666666,Moderate,0
354,21,Female,2,Other,4,3,5.4,1.0,5.0,1.5,0.7,1.9,TikTok,2.9,7.6,1.7,82.9,54.5,2.42,50.5,2.5999999999999996,0.7407407407407407,4.0,Low,0
355,21,Male,1,Computer Science,7,6,5.6,1.0,3.0,4.9,2.5,3.0,TikTok,1.8,4.4,2.7,72.4,62.5,2.53,65.5,2.4000000000000004,1.25,6.666666666666667,Moderate,0
356,19,Male,2,Science,4,4,6.8,4.0,5.0,4.2,1.3,2.0,TikTok,2.5,6.3,3.4,77.0,72.2,2.87,66.6,1.2000000000000002,0.5882352941176471,4.333333333333333,Moderate,0
357,21,Male,2,Computer Science,5,5,5.8,3.0,6.0,3.9,1.7,0.5,Instagram,1.5,4.9,4.3,83.7,83.9,2.95,81.3,2.2,0.8620689655172414,4.666666666666667,Moderate,0
358,21,Male,1,Engineering,8,9,6.5,2.0,4.0,4.9,2.5,2.8,Both,1.5,5.9,2.3,61.5,63.8,2.54,62.0,1.5,1.2307692307692308,7.666666666666667,Moderate,0
359,22,Male,3,Engineering,8,8,7.2,4.0,5.0,4.1,1.8,2.9,TikTok,1.2,6.3,1.7,79.4,50.4,2.17,52.0,0.7999999999999998,1.1111111111111112,7.0,Moderate,0
360,20,Other,2,Engineering,6,6,5.5,3.0,4.0,4.4,1.4,3.3,TikTok,2.0,6.7,0.3,82.8,48.4,1.65,47.1,2.5,1.0909090909090908,6.0,Moderate,0
361,22,Female,4,Science,8,9,5.7,2.0,2.0,5.5,2.1,3.5,TikTok,2.1,5.7,0.2,87.0,52.9,1.8,47.7,2.3,1.4035087719298245,8.333333333333334,High,0
362,24,Male,4,Business,2,2,6.5,2.0,8.0,2.8,0.5,2.9,Both,4.3,3.6,3.6,79.5,89.8,3.57,90.1,1.5,0.3076923076923077,2.0,Moderate,0
363,21,Male,1,Arts,4,4,4.5,1.0,4.0,6.6,1.2,1.9,TikTok,3.9,5.9,4.1,75.7,71.0,2.72,64.3,3.5,0.8888888888888888,4.666666666666667,High,0
364,22,Male,3,Computer Science,8,8,3.6,1.0,3.0,5.1,1.5,4.3,TikTok,4.0,6.3,0.0,69.2,29.6,1.69,35.7,4.4,2.2222222222222223,7.666666666666667,High,1
365,22,Female,2,Business,4,4,6.9,4.0,6.0,3.9,0.2,1.3,TikTok,5.4,6.5,5.5,86.1,68.1,3.51,82.1,1.0999999999999996,0.5797101449275363,4.0,Moderate,0
366,20,Female,4,Business,8,7,6.4,2.0,4.0,3.9,3.7,4.3,Instagram,3.2,7.6,3.4,79.8,45.0,2.29,47.1,1.5999999999999996,1.25,7.0,Moderate,0
367,21,Other,1,Engineering,5,5,8.9,4.0,6.0,2.6,0.0,2.4,Both,2.4,6.2,2.1,89.2,70.9,2.96,75.4,-0.9000000000000004,0.5617977528089887,4.666666666666667,Moderate,0
368,21,Female,3,Engineering,6,7,6.3,2.0,6.0,4.1,0.7,4.6,TikTok,6.4,7.9,1.3,79.5,58.7,2.29,50.8,1.7000000000000002,0.9523809523809524,5.666666666666667,Moderate,0
369,21,Other,3,Business,5,5,7.1,4.0,6.0,5.4,2.0,3.2,Instagram,5.1,6.8,2.0,83.6,58.3,2.54,60.1,0.9000000000000004,0.7042253521126761,4.666666666666667,High,0
370,20,Female,1,Science,7,6,6.4,2.0,5.0,2.7,2.3,2.1,TikTok,3.3,6.0,2.8,82.7,70.0,2.32,62.3,1.5999999999999996,1.09375,6.0,Moderate,0
371,21,Male,1,Computer Science,4,5,7.0,4.0,5.0,3.3,0.7,1.9,Instagram,3.2,5.8,3.2,76.1,70.0,2.87,71.6,1.0,0.5714285714285714,4.666666666666667,Moderate,0
372,22,Other,3,Engineering,6,7,8.1,3.0,8.0,3.9,1.9,3.7,Instagram,3.8,4.9,3.0,79.5,63.0,3.0,67.6,-0.09999999999999964,0.7407407407407408,5.0,Moderate,0
373,23,Male,3,Engineering,8,9,4.0,1.0,2.0,6.4,2.2,2.4,Both,3.5,7.7,1.2,72.8,52.7,1.21,38.3,4.0,2.0,8.333333333333334,High,1
374,23,Female,2,Business,4,5,7.0,2.0,5.0,4.1,1.4,2.5,Instagram,3.5,5.8,3.5,77.7,81.1,3.1,83.0,1.0,0.5714285714285714,4.666666666666667,Moderate,0
375,25,Male,3,Engineering,6,5,8.8,4.0,6.0,3.1,3.1,3.5,Both,4.5,7.0,4.3,62.6,73.4,3.28,82.2,-0.8000000000000007,0.6818181818181818,5.0,Moderate,0
376,20,Female,2,Engineering,7,7,6.6,4.0,8.0,2.9,0.0,2.6,Both,2.4,5.4,2.4,85.8,62.9,2.15,56.3,1.4000000000000004,1.0606060606060606,5.333333333333333,Moderate,0
377,22,Female,3,Arts,7,9,8.0,3.0,5.0,2.7,2.3,3.6,TikTok,1.0,4.1,2.2,78.0,64.7,2.33,59.7,0.0,0.875,7.0,Moderate,0
378,21,Female,1,Engineering,7,7,6.0,1.0,3.0,5.4,2.4,4.3,TikTok,3.4,5.8,3.1,64.4,63.8,1.99,60.7,2.0,1.1666666666666667,7.0,High,0
379,25,Female,4,Business,8,6,6.2,2.0,5.0,7.7,2.3,2.6,Both,4.8,5.7,2.2,81.6,52.9,2.0,59.1,1.7999999999999998,1.2903225806451613,6.333333333333333,High,0
380,20,Male,1,Science,7,7,6.6,2.0,5.0,4.9,0.9,3.8,Both,1.3,5.0,2.9,73.9,51.8,2.42,56.6,1.4000000000000004,1.0606060606060606,6.333333333333333,Moderate,0
381,20,Male,2,Engineering,7,7,3.9,2.0,4.0,4.2,1.5,2.4,Both,3.9,4.9,1.7,64.8,53.4,2.71,66.8,4.1,1.794871794871795,6.666666666666667,Moderate,0
382,20,Male,1,Science,7,6,5.3,1.0,3.0,3.5,1.7,3.6,TikTok,1.7,5.0,3.1,74.9,60.1,2.54,63.4,2.7,1.3207547169811322,6.666666666666667,Moderate,0
383,18,Male,1,Computer Science,7,8,5.2,2.0,4.0,5.2,1.3,3.0,TikTok,2.3,5.9,3.4,73.3,61.3,2.09,56.0,2.8,1.346153846153846,7.0,High,0
384,20,Female,2,Science,5,6,7.2,4.0,6.0,5.2,2.0,2.0,Both,2.2,5.8,4.5,77.7,76.0,3.18,75.6,0.7999999999999998,0.6944444444444444,5.0,High,0
385,20,Male,1,Computer Science,5,4,7.5,2.0,6.0,4.5,2.3,2.7,Instagram,3.6,7.3,2.5,78.8,54.4,2.86,66.5,0.5,0.6666666666666666,4.333333333333333,Moderate,0
386,21,Other,4,Engineering,7,9,6.3,2.0,3.0,2.9,1.0,4.6,Both,1.5,5.5,1.8,67.9,55.7,1.63,44.7,1.7000000000000002,1.1111111111111112,7.666666666666667,Moderate,0
387,22,Female,1,Computer Science,6,7,7.6,4.0,5.0,2.3,0.8,3.3,Instagram,2.7,9.7,3.8,85.9,68.4,2.7,66.5,0.40000000000000036,0.7894736842105263,6.0,Moderate,0
388,24,Female,2,Engineering,4,2,6.5,2.0,7.0,2.9,0.0,0.7,Instagram,4.2,7.4,3.3,75.9,63.8,2.83,72.2,1.5,0.6153846153846154,3.0,Moderate,0
389,23,Male,2,Arts,4,5,7.9,4.0,7.0,3.1,1.1,2.2,Both,1.6,3.8,3.6,79.6,72.3,2.96,72.5,0.09999999999999964,0.5063291139240506,4.0,Moderate,0
390,20,Female,1,Business,5,6,6.6,2.0,7.0,4.9,2.2,4.1,Both,5.2,6.1,1.9,83.9,61.7,2.57,61.7,1.4000000000000004,0.7575757575757576,4.666666666666667,Moderate,0
391,19,Other,1,Computer Science,6,7,6.6,4.0,5.0,4.5,0.9,3.0,Instagram,1.3,5.5,4.1,86.7,72.8,2.71,68.9,1.4000000000000004,0.9090909090909092,6.0,Moderate,0
392,22,Female,2,Science,5,5,6.2,1.0,6.0,5.4,3.4,1.5,Instagram,3.3,5.8,4.1,81.3,72.3,2.58,65.6,1.7999999999999998,0.8064516129032258,4.666666666666667,High,0
393,19,Female,2,Engineering,5,6,7.0,2.0,5.0,5.7,2.5,3.4,Instagram,4.5,6.5,2.9,87.3,76.5,2.66,72.6,1.0,0.7142857142857143,5.333333333333333,High,0
394,24,Female,2,Engineering,6,6,6.2,2.0,5.0,5.2,1.4,2.9,TikTok,1.6,5.0,1.9,77.3,63.4,2.16,58.4,1.7999999999999998,0.9677419354838709,5.666666666666667,High,0
395,23,Male,2,Computer Science,5,5,7.6,3.0,5.0,4.7,1.7,3.9,TikTok,3.1,6.3,2.3,89.4,65.9,2.54,65.8,0.40000000000000036,0.6578947368421053,5.0,Moderate,0
396,20,Female,2,Business,4,3,5.1,2.0,4.0,4.1,0.9,2.1,Both,3.7,4.2,3.0,79.5,63.8,2.46,59.3,2.9000000000000004,0.7843137254901962,4.333333333333333,Moderate,0
397,18,Male,1,Computer Science,6,4,5.2,1.0,5.0,3.4,0.4,2.2,TikTok,2.7,7.6,2.7,79.5,64.4,2.28,63.2,2.8,1.1538461538461537,5.0,Moderate,0
398,23,Male,2,Engineering,5,6,7.3,2.0,6.0,4.8,2.3,2.2,Instagram,3.3,4.5,2.3,83.2,62.7,2.52,61.5,0.7000000000000002,0.684931506849315,5.0,Moderate,0
399,21,Male,4,Science,4,4,5.8,2.0,6.0,4.7,1.2,0.6,Instagram,4.5,6.7,2.0,83.9,62.7,3.04,72.1,2.2,0.6896551724137931,4.0,Moderate,0
400,23,Male,2,Engineering,5,2,6.1,3.0,5.0,4.6,0.4,2.0,Both,2.8,5.4,3.0,83.1,56.6,2.78,61.2,1.9000000000000004,0.819672131147541,4.0,Moderate,0
401,18,Male,3,Other,4,4,6.9,3.0,7.0,4.1,0.6,2.7,TikTok,4.6,6.9,2.8,86.3,63.8,2.85,85.2,1.0999999999999996,0.5797101449275363,3.6666666666666665,Moderate,0
402,20,Male,2,Arts,6,7,5.7,2.0,6.0,3.4,1.1,2.7,Both,3.9,6.2,2.6,74.1,79.5,2.53,75.4,2.3,1.0526315789473684,5.666666666666667,Moderate,0
403,21,Other,3,Other,6,5,5.9,2.0,5.0,3.7,1.4,1.6,Instagram,2.7,6.6,2.5,77.1,56.7,2.1,59.2,2.0999999999999996,1.0169491525423728,5.333333333333333,Moderate,0
404,21,Female,3,Science,3,2,7.7,3.0,8.0,4.3,1.9,0.4,Instagram,5.4,8.6,2.8,100.0,80.3,3.15,75.8,0.2999999999999998,0.38961038961038963,2.3333333333333335,Moderate,0
405,20,Other,2,Arts,6,6,8.0,3.0,3.0,15.9,0.8,2.5,TikTok,2.2,6.9,2.5,83.5,73.9,2.94,66.6,0.0,0.75,6.333333333333333,High,0
406,22,Male,4,Arts,4,1,6.3,4.0,8.0,2.4,0.4,2.9,Both,5.3,6.8,4.7,75.6,76.6,2.75,71.1,1.7000000000000002,0.6349206349206349,2.3333333333333335,Moderate,0
407,19,Male,1,Science,5,4,6.2,2.0,5.0,2.2,0.8,2.9,Both,2.8,6.6,1.3,77.3,39.5,2.03,63.2,1.7999999999999998,0.8064516129032258,4.666666666666667,Moderate,0
408,21,Female,1,Computer Science,6,6,8.0,3.0,6.0,3.1,0.1,4.2,TikTok,2.7,8.1,4.8,82.0,81.8,3.04,78.1,0.0,0.75,5.333333333333333,Moderate,0
409,21,Male,3,Other,6,5,5.1,2.0,5.0,3.5,1.4,2.9,Both,3.1,7.3,2.6,74.8,63.8,2.22,55.6,2.9000000000000004,1.1764705882352942,5.333333333333333,Moderate,0
410,22,Male,3,Computer Science,6,5,5.2,1.0,5.0,4.9,0.8,1.6,TikTok,4.0,6.3,0.9,76.4,63.8,2.14,47.1,2.8,1.1538461538461537,5.333333333333333,Moderate,0
411,22,Female,1,Arts,7,6,4.1,1.0,4.0,3.9,0.2,2.9,Instagram,0.3,7.1,2.3,70.4,53.4,1.91,48.0,3.9000000000000004,1.707317073170732,6.333333333333333,Moderate,1
412,19,Male,1,Science,4,2,8.3,4.0,8.0,4.2,1.5,3.1,TikTok,4.1,6.8,4.0,91.6,63.8,2.71,76.1,-0.3000000000000007,0.48192771084337344,2.6666666666666665,Moderate,0
413,18,Female,1,Science,8,7,5.5,1.0,4.0,3.4,1.3,3.1,Both,3.2,5.0,1.4,74.1,47.1,2.11,48.4,2.5,1.4545454545454546,7.0,Moderate,0
414,23,Female,1,Other,2,3,6.7,4.0,7.0,3.8,0.4,0.0,Instagram,4.1,6.8,4.9,79.5,100.0,3.02,63.2,1.2999999999999998,0.29850746268656714,2.6666666666666665,Moderate,0
415,22,Male,3,Engineering,3,5,5.2,3.0,6.0,3.4,1.3,1.6,Instagram,4.4,5.0,2.6,73.8,72.9,2.79,68.4,2.8,0.5769230769230769,4.0,Moderate,0
416,20,Male,2,Arts,7,7,7.1,3.0,4.0,4.8,3.0,3.5,Both,3.8,3.4,3.3,77.1,71.3,2.45,71.5,0.9000000000000004,0.9859154929577465,6.666666666666667,Moderate,0
417,24,Female,2,Arts,9,10,6.2,1.0,2.0,7.0,1.4,4.5,Both,0.2,3.9,1.7,71.9,48.2,2.49,58.4,1.7999999999999998,1.4516129032258065,9.0,High,0
418,21,Male,2,Arts,8,7,5.0,2.0,3.0,3.9,0.0,3.1,Both,2.0,6.0,1.5,71.7,63.8,1.81,50.6,3.0,1.6,7.333333333333333,Moderate,1
419,23,Male,1,Other,5,3,7.3,2.0,7.0,4.6,2.2,3.6,TikTok,3.6,6.3,4.4,79.0,63.2,3.11,72.2,0.7000000000000002,0.684931506849315,3.6666666666666665,Moderate,0
420,21,Other,1,Science,5,7,5.1,3.0,6.0,3.9,0.7,2.0,TikTok,4.1,4.9,3.6,75.2,62.9,2.82,62.5,2.9000000000000004,0.9803921568627452,5.333333333333333,Moderate,0
421,25,Male,3,Science,7,6,5.5,1.0,4.0,5.7,1.8,3.4,Both,2.2,3.0,1.0,68.2,56.7,2.04,63.2,2.5,1.2727272727272727,6.333333333333333,High,0
422,24,Female,4,Engineering,8,9,3.8,2.0,4.0,4.5,0.7,3.0,Instagram,4.8,8.3,2.1,76.6,48.5,1.98,53.7,4.2,2.1052631578947367,7.666666666666667,Moderate,1
423,21,Other,4,Business,8,8,4.3,1.0,2.0,5.0,1.4,3.3,TikTok,3.2,6.2,3.9,57.7,49.1,1.99,54.7,3.7,1.8604651162790697,8.0,Moderate,1
424,23,Male,1,Science,5,6,7.0,3.0,5.0,3.6,1.5,2.8,Instagram,4.6,8.4,4.5,75.3,70.2,3.01,75.2,1.0,0.7142857142857143,5.333333333333333,Moderate,0
425,22,Male,4,Science,7,8,3.8,1.0,2.0,3.1,1.3,3.3,Instagram,5.0,8.3,0.9,75.2,40.0,1.35,36.7,4.2,1.842105263157895,7.666666666666667,Moderate,1
426,23,Male,3,Computer Science,5,5,4.7,2.0,5.0,4.7,0.4,2.3,Both,4.1,7.4,4.3,81.3,70.6,2.9,71.6,3.3,1.0638297872340425,5.0,Moderate,0
427,19,Male,3,Other,7,7,6.0,1.0,5.0,4.3,1.1,3.6,TikTok,4.1,6.3,3.4,66.3,55.1,3.32,72.2,2.0,1.1666666666666667,6.333333333333333,Moderate,0
428,22,Male,2,Engineering,7,8,5.9,2.0,5.0,3.1,1.5,3.0,Both,2.6,5.5,1.1,78.9,61.3,2.06,50.2,2.0999999999999996,1.1864406779661016,6.666666666666667,Moderate,0
429,23,Female,2,Science,7,7,8.8,2.0,6.0,4.2,1.8,3.2,Instagram,4.7,7.3,3.3,84.7,69.0,2.89,73.0,-0.8000000000000007,0.7954545454545454,6.0,Moderate,0
430,18,Male,2,Computer Science,6,8,8.2,4.0,7.0,4.6,2.0,4.2,Both,3.8,6.3,3.5,86.7,60.1,2.54,58.4,-0.1999999999999993,0.7317073170731708,5.666666666666667,Moderate,0
431,19,Female,1,Engineering,6,5,5.5,1.0,6.0,3.0,0.6,2.5,Instagram,3.1,6.3,1.2,77.1,64.4,1.89,62.7,2.5,1.0909090909090908,5.0,Moderate,0
432,18,Other,1,Engineering,6,6,7.0,3.0,6.0,3.9,1.7,2.3,Both,1.6,6.3,3.6,81.3,68.1,2.88,69.2,1.0,0.8571428571428571,5.333333333333333,Moderate,0
433,21,Female,1,Engineering,5,6,7.5,2.0,7.0,5.9,2.1,3.8,Both,2.6,5.7,5.6,85.7,86.9,2.8,78.3,0.5,0.6666666666666666,4.666666666666667,High,0
434,22,Female,2,Business,7,6,5.8,2.0,5.0,5.3,2.2,1.8,Instagram,1.8,6.3,3.9,76.9,67.1,2.26,61.8,2.2,1.206896551724138,6.0,High,0
435,24,Male,3,Engineering,6,7,4.7,1.0,4.0,6.4,1.4,2.9,TikTok,4.5,8.2,2.6,77.8,62.1,2.53,60.3,3.3,1.276595744680851,6.333333333333333,High,0
436,21,Female,2,Other,6,7,6.3,3.0,5.0,5.4,1.5,3.6,Instagram,4.9,6.5,2.3,79.8,57.7,2.72,64.9,1.7000000000000002,0.9523809523809524,6.0,High,0
437,24,Female,1,Business,6,9,6.7,3.0,4.0,4.5,1.9,2.9,Both,4.4,5.1,2.9,80.0,66.5,2.58,66.6,1.2999999999999998,0.8955223880597015,7.0,Moderate,0
438,19,Male,4,Business,4,6,5.3,3.0,6.0,4.3,0.2,0.8,TikTok,7.3,8.7,2.2,85.9,62.7,2.54,69.4,2.7,0.7547169811320755,4.666666666666667,Moderate,0
439,18,Male,4,Engineering,6,6,6.3,1.0,5.0,4.4,1.5,3.0,Both,2.7,6.0,2.3,83.0,62.8,2.39,63.7,1.7000000000000002,0.9523809523809524,5.666666666666667,Moderate,0
440,21,Female,3,Business,5,7,6.3,2.0,5.0,6.7,1.6,2.9,TikTok,4.6,6.4,0.7,92.5,52.5,1.85,49.7,1.7000000000000002,0.7936507936507937,5.666666666666667,High,0
441,22,Male,4,Arts,7,8,4.7,1.0,3.0,4.2,2.0,2.8,TikTok,1.8,4.1,2.7,74.8,53.9,2.54,50.4,3.3,1.4893617021276595,7.333333333333333,Moderate,0
442,21,Male,2,Computer Science,6,6,6.5,2.0,3.0,4.5,1.5,2.9,Instagram,3.0,8.4,2.2,81.2,49.2,2.46,53.2,1.5,0.9230769230769231,6.333333333333333,Moderate,0
443,18,Male,4,Computer Science,6,4,6.1,2.0,5.0,3.9,0.9,2.4,Instagram,2.0,6.9,3.5,84.7,66.6,2.52,70.4,1.9000000000000004,0.9836065573770493,5.0,Moderate,0
444,21,Male,1,Business,6,5,5.4,2.0,5.0,2.8,0.7,2.8,TikTok,4.1,7.4,2.4,79.8,60.9,1.84,52.9,2.5999999999999996,1.111111111111111,5.333333333333333,Moderate,0
445,19,Female,2,Computer Science,4,4,7.3,4.0,7.0,3.7,1.6,2.1,Both,3.0,5.3,2.8,77.8,81.5,3.15,87.2,0.7000000000000002,0.547945205479452,3.6666666666666665,Moderate,0
446,22,Female,1,Computer Science,5,5,4.8,2.0,4.0,3.9,1.2,1.1,Instagram,0.6,6.0,2.8,69.7,65.6,2.01,54.3,3.2,1.0416666666666667,5.333333333333333,Moderate,0
447,22,Female,1,Computer Science,8,8,6.1,1.0,4.0,3.9,1.5,5.0,Both,2.0,5.3,1.0,84.5,42.5,1.89,52.8,1.9000000000000004,1.3114754098360657,7.333333333333333,Moderate,0
448,19,Male,1,Engineering,4,5,6.2,3.0,7.0,0.6,0.8,3.0,TikTok,6.0,7.8,4.8,80.6,71.0,3.29,73.8,1.7999999999999998,0.6451612903225806,4.0,Low,0
449,20,Male,3,Engineering,4,5,5.4,1.0,6.0,3.7,1.1,1.6,Instagram,4.3,8.3,2.1,85.3,65.8,2.43,61.5,2.5999999999999996,0.7407407407407407,4.333333333333333,Moderate,0
450,19,Female,3,Engineering,6,5,5.4,1.0,6.0,2.4,0.9,3.5,Both,4.6,4.6,1.9,71.3,50.2,2.37,56.7,2.5999999999999996,1.111111111111111,5.0,Moderate,0
451,21,Male,2,Arts,5,6,8.5,3.0,7.0,4.0,2.0,3.3,TikTok,3.4,4.8,2.3,94.1,63.9,2.52,66.9,-0.5,0.5882352941176471,4.666666666666667,Moderate,0
452,23,Male,1,Science,7,6,5.9,2.0,5.0,4.6,1.4,2.9,Both,3.1,7.0,1.0,72.3,44.0,2.62,58.2,2.0999999999999996,1.1864406779661016,6.0,Moderate,0
453,19,Female,3,Science,6,5,8.7,4.0,6.0,4.2,3.2,4.2,Instagram,3.2,5.3,3.3,84.5,67.5,2.75,61.4,-0.6999999999999993,0.6896551724137931,5.0,Moderate,0
454,22,Male,3,Computer Science,7,8,6.7,2.0,6.0,3.9,2.7,2.6,Both,3.4,7.3,1.3,76.4,58.2,2.54,57.6,1.2999999999999998,1.044776119402985,6.333333333333333,Moderate,0
455,20,Female,2,Computer Science,4,3,6.4,3.0,7.0,3.9,0.2,1.1,Instagram,2.4,5.9,3.1,85.5,55.9,2.44,54.7,1.5999999999999996,0.625,3.3333333333333335,Moderate,0
456,20,Male,3,Computer Science,5,4,6.6,2.0,6.0,3.2,1.2,2.6,Instagram,4.7,5.1,3.5,83.9,80.1,3.04,73.1,1.4000000000000004,0.7575757575757576,4.333333333333333,Moderate,0
457,21,Male,1,Science,4,5,9.4,5.0,7.0,1.2,0.6,1.9,TikTok,5.0,4.7,3.5,97.6,77.7,3.04,76.8,-1.4000000000000004,0.425531914893617,4.0,Low,0
458,19,Male,2,Arts,8,9,5.1,2.0,3.0,2.0,1.4,3.8,Both,3.0,6.3,0.0,75.7,35.6,1.25,25.9,2.9000000000000004,1.5686274509803924,8.0,Low,0
459,20,Other,4,Science,8,8,4.6,1.0,2.0,4.4,2.1,3.4,Instagram,3.5,6.7,3.3,72.5,63.0,1.91,58.2,3.4000000000000004,1.7391304347826089,8.0,Moderate,1
460,19,Female,1,Engineering,7,5,5.7,1.0,3.0,4.8,2.0,3.6,TikTok,1.6,6.8,2.3,77.6,54.8,2.54,63.2,2.3,1.2280701754385965,6.333333333333333,Moderate,0
461,24,Other,2,Engineering,4,3,6.7,2.0,8.0,3.4,1.9,1.6,Instagram,5.7,7.5,3.6,90.6,66.6,3.06,77.7,1.2999999999999998,0.5970149253731343,3.0,Moderate,0
462,21,Female,4,Science,6,8,4.0,1.0,4.0,4.7,1.8,1.0,Instagram,2.9,2.0,2.2,79.5,43.3,2.94,56.2,4.0,1.5,6.666666666666667,Moderate,0
463,20,Male,3,Science,5,6,6.1,3.0,6.0,3.5,1.4,3.3,Both,3.4,6.9,3.7,78.0,75.3,3.57,79.5,1.9000000000000004,0.819672131147541,5.0,Moderate,0
464,21,Female,1,Computer Science,3,4,8.5,5.0,9.0,4.5,1.4,3.5,Both,2.4,4.1,4.8,99.2,92.8,3.27,90.5,-0.5,0.35294117647058826,2.6666666666666665,Moderate,0
465,21,Male,1,Engineering,6,6,6.8,2.0,5.0,1.9,1.4,3.4,Instagram,2.7,3.7,3.8,83.8,66.1,2.97,74.4,1.2000000000000002,0.8823529411764706,5.666666666666667,Low,0
466,21,Female,1,Arts,7,7,6.3,1.0,4.0,5.7,1.0,3.4,TikTok,2.0,6.3,2.6,77.9,68.6,1.93,62.2,1.7000000000000002,1.1111111111111112,6.666666666666667,High,0
467,22,Male,3,Business,5,6,5.6,2.0,5.0,1.2,0.0,1.1,TikTok,2.1,3.8,1.5,72.6,63.8,1.64,52.3,2.4000000000000004,0.8928571428571429,5.333333333333333,Low,0
468,22,Female,2,Science,3,4,7.5,4.0,5.0,3.5,1.7,1.0,Instagram,4.5,7.2,4.3,77.1,90.9,3.28,86.8,0.5,0.4,4.0,Moderate,0
469,20,Male,1,Business,7,7,5.7,1.0,4.0,6.1,3.0,3.2,Both,2.0,4.9,2.4,71.8,49.0,2.34,52.7,2.3,1.2280701754385965,6.666666666666667,High,0
470,20,Male,4,Science,2,1,7.9,5.0,9.0,4.0,1.4,2.5,Instagram,4.5,4.7,3.6,88.8,73.6,3.51,84.0,0.09999999999999964,0.2531645569620253,1.3333333333333333,Moderate,0
471,21,Female,2,Business,3,1,8.5,5.0,8.0,3.4,0.0,1.8,Instagram,3.7,6.6,3.2,88.4,74.1,2.54,79.1,-0.5,0.35294117647058826,2.0,Moderate,0
472,18,Female,1,Science,2,1,6.7,4.0,8.0,2.4,0.2,0.2,Instagram,4.7,5.8,4.4,94.8,81.5,3.25,81.8,1.2999999999999998,0.29850746268656714,1.6666666666666667,Moderate,0
473,18,Male,2,Engineering,5,6,6.1,3.0,5.0,2.1,0.9,3.2,Instagram,2.6,7.1,2.7,89.5,74.3,2.56,67.3,1.9000000000000004,0.819672131147541,5.333333333333333,Moderate,0
474,23,Male,3,Engineering,3,2,7.4,4.0,5.0,0.8,0.0,2.9,Both,5.4,8.5,3.3,96.9,79.4,3.37,83.0,0.5999999999999996,0.4054054054054054,3.3333333333333335,Low,0
475,24,Male,1,Business,4,5,8.1,4.0,8.0,6.5,2.1,3.4,TikTok,3.1,5.8,5.3,82.7,79.1,3.66,90.3,-0.09999999999999964,0.4938271604938272,3.6666666666666665,High,0
476,21,Female,1,Computer Science,4,6,5.8,1.0,5.0,4.1,2.0,2.1,Instagram,3.4,8.9,3.7,88.7,72.8,2.75,69.3,2.2,0.6896551724137931,5.0,Moderate,0
477,22,Female,3,Science,7,7,5.7,3.0,4.0,2.8,0.5,2.8,Both,1.2,7.3,2.8,69.7,55.0,2.28,54.4,2.3,1.2280701754385965,6.666666666666667,Moderate,0
478,22,Other,2,Arts,4,4,5.0,1.0,6.0,6.2,1.8,1.3,Instagram,6.9,7.6,4.3,71.5,67.1,3.22,74.0,3.0,0.8,4.0,High,0
479,26,Female,2,Arts,7,8,7.2,2.0,5.0,5.6,3.6,6.0,TikTok,2.5,7.4,2.7,77.3,60.3,2.46,56.9,0.7999999999999998,0.9722222222222222,6.666666666666667,High,0
480,23,Male,2,Other,8,8,7.3,4.0,5.0,5.9,3.4,4.0,TikTok,3.4,5.2,1.6,84.9,51.6,1.98,52.8,0.7000000000000002,1.095890410958904,7.0,High,0
481,21,Female,1,Computer Science,6,6,5.2,1.0,5.0,4.7,3.3,0.7,Instagram,2.8,4.2,2.0,73.3,63.8,2.22,53.8,2.8,1.1538461538461537,5.666666666666667,Moderate,0
482,19,Male,1,Business,3,2,6.0,3.0,6.0,1.7,0.7,2.5,Instagram,1.0,3.8,4.0,87.3,71.5,3.04,73.9,2.0,0.5,3.0,Low,0
483,18,Male,2,Arts,9,8,4.7,1.0,2.0,8.2,3.6,3.4,Both,2.8,5.2,2.2,63.7,53.0,1.65,47.7,3.3,1.9148936170212765,8.333333333333334,High,1
484,21,Female,1,Computer Science,5,6,5.7,1.0,6.0,5.3,0.7,1.8,TikTok,3.0,7.0,3.2,83.4,70.1,2.27,57.6,2.3,0.8771929824561403,5.0,High,0
485,20,Male,1,Science,4,3,7.2,3.0,8.0,3.9,0.3,1.6,Instagram,3.9,5.2,2.1,83.8,73.9,3.29,83.4,0.7999999999999998,0.5555555555555556,3.0,Moderate,0
486,19,Other,4,Science,6,7,4.9,3.0,5.0,5.4,1.9,1.9,TikTok,5.1,6.0,3.5,87.1,62.3,2.62,62.3,3.0999999999999996,1.2244897959183672,6.0,High,0
487,20,Female,4,Engineering,7,7,5.5,2.0,5.0,3.9,0.6,2.9,TikTok,4.0,4.9,2.3,73.3,47.4,2.52,54.7,2.5,1.2727272727272727,6.333333333333333,Moderate,0
488,19,Female,3,Computer Science,7,7,4.2,1.0,3.0,3.8,2.1,2.9,Both,3.5,5.5,2.6,68.4,50.0,2.21,56.0,3.8,1.6666666666666665,7.0,Moderate,1
489,24,Female,4,Computer Science,1,2,6.3,3.0,8.0,3.3,0.5,1.1,Instagram,3.9,8.3,3.3,99.3,88.6,3.46,89.6,1.7000000000000002,0.15873015873015872,1.6666666666666667,Moderate,0
490,22,Female,1,Engineering,6,5,6.7,3.0,5.0,3.8,1.8,3.3,TikTok,3.4,6.3,4.8,72.9,61.2,2.77,72.6,1.2999999999999998,0.8955223880597015,5.333333333333333,Moderate,0
491,21,Female,4,Business,8,7,5.1,1.0,3.0,1.8,2.2,3.5,TikTok,1.5,4.9,2.3,71.2,62.5,2.14,54.1,2.9000000000000004,1.5686274509803924,7.333333333333333,Low,0
492,24,Female,1,Business,6,7,6.7,2.0,5.0,5.1,1.4,2.7,TikTok,1.1,7.1,2.2,73.6,51.7,2.01,47.6,1.2999999999999998,0.8955223880597015,6.0,High,0
493,21,Male,4,Engineering,7,5,6.1,3.0,4.0,4.7,1.6,5.0,Both,2.9,5.7,3.0,81.7,66.9,1.9,52.0,1.9000000000000004,1.1475409836065575,6.0,Moderate,0
494,20,Female,4,Other,6,6,4.9,1.0,5.0,2.8,1.8,3.1,Instagram,1.1,5.8,2.8,81.7,55.9,2.22,63.2,3.0999999999999996,1.2244897959183672,5.666666666666667,Moderate,0
495,24,Male,3,Engineering,7,8,4.8,1.0,2.0,4.1,2.0,2.9,Both,2.7,7.4,2.8,68.0,51.8,1.81,47.2,3.2,1.4583333333333335,7.666666666666667,Moderate,1
496,22,Female,4,Engineering,5,6,8.0,5.0,5.0,4.2,0.6,2.9,TikTok,1.3,5.1,0.0,86.1,51.5,2.54,48.3,0.0,0.625,5.333333333333333,Moderate,0
497,19,Female,2,Business,6,8,5.5,3.0,5.0,4.4,1.7,3.0,Both,4.0,7.5,3.7,81.7,80.1,2.7,73.0,2.5,1.0909090909090908,6.333333333333333,Moderate,0
498,21,Female,1,Arts,6,6,6.5,3.0,4.0,2.0,1.4,2.9,Instagram,3.8,7.3,2.2,80.4,64.7,1.95,52.3,1.5,0.9230769230769231,6.0,Low,0
499,20,Male,2,Engineering,5,6,7.4,4.0,8.0,2.4,1.2,2.1,Both,3.2,6.2,3.3,93.1,75.9,3.06,81.7,0.5999999999999996,0.6756756756756757,4.333333333333333,Moderate,0
500,19,Male,2,Arts,4,3,10.0,5.0,6.0,6.4,1.9,2.8,Both,1.0,4.0,1.7,98.9,67.2,2.54,71.5,-2.0,0.4,3.6666666666666665,High,0
501,23,Female,1,Business,4,3,5.4,3.0,6.0,2.7,0.1,1.4,TikTok,3.1,6.5,2.4,75.1,57.5,2.15,53.4,2.5999999999999996,0.7407407407407407,3.6666666666666665,Moderate,0
502,24,Male,3,Engineering,5,6,6.9,3.0,7.0,4.1,1.4,1.5,TikTok,4.0,8.0,2.8,90.6,63.8,2.78,62.8,1.0999999999999996,0.7246376811594203,4.666666666666667,Moderate,0
503,19,Male,4,Engineering,6,6,5.0,2.0,4.0,4.5,0.0,0.9,TikTok,5.0,8.0,3.2,80.5,53.6,3.04,60.2,3.0,1.2,6.0,Moderate,0
504,22,Male,1,Business,8,8,6.3,3.0,4.0,3.1,1.1,4.8,TikTok,5.8,8.4,1.2,78.1,47.5,1.97,46.4,1.7000000000000002,1.2698412698412698,7.333333333333333,Moderate,0
505,20,Other,3,Science,7,6,5.3,2.0,4.0,4.6,1.7,2.9,Both,5.5,6.2,0.5,74.8,36.5,2.15,44.9,2.7,1.3207547169811322,6.333333333333333,Moderate,0
506,20,Female,4,Other,4,4,4.6,1.0,6.0,1.4,1.0,2.5,Instagram,4.1,7.4,3.1,70.0,67.2,3.31,78.3,3.4000000000000004,0.8695652173913044,4.0,Low,0
507,20,Male,4,Computer Science,3,4,5.8,2.0,5.0,2.4,0.6,2.0,TikTok,3.0,5.1,3.2,85.3,58.4,2.36,53.5,2.2,0.5172413793103449,4.0,Moderate,0
508,20,Male,4,Other,7,8,4.2,1.0,3.0,4.5,1.3,3.8,Instagram,2.4,6.0,1.1,79.5,35.9,1.55,39.0,3.8,1.6666666666666665,7.333333333333333,Moderate,1
509,21,Male,2,Engineering,4,3,7.4,3.0,8.0,2.4,0.1,2.3,Both,5.4,8.2,3.6,100.0,69.7,3.23,78.0,0.5999999999999996,0.5405405405405405,3.0,Moderate,0
510,20,Female,4,Other,5,6,5.9,3.0,5.0,3.0,0.0,2.3,TikTok,4.1,6.3,2.8,76.1,60.2,2.9,69.3,2.0999999999999996,0.847457627118644,5.333333333333333,Moderate,0
511,21,Female,3,Science,4,3,6.6,2.0,7.0,4.9,1.3,1.3,Instagram,4.6,7.0,4.1,74.4,71.6,2.54,75.2,1.4000000000000004,0.6060606060606061,3.3333333333333335,Moderate,0
512,21,Male,1,Science,4,4,6.1,2.0,6.0,3.6,0.4,2.6,Instagram,2.6,5.7,2.8,74.0,74.9,3.34,75.6,1.9000000000000004,0.6557377049180328,4.0,Moderate,0
513,21,Male,2,Engineering,8,7,6.0,2.0,4.0,5.3,2.4,3.0,Both,1.5,4.5,1.8,82.2,63.0,2.02,58.0,2.0,1.3333333333333333,7.0,High,0
514,19,Male,3,Engineering,7,7,6.3,2.0,3.0,4.3,1.6,2.6,Instagram,2.7,5.8,3.6,73.0,61.4,1.95,60.6,1.7000000000000002,1.1111111111111112,7.0,Moderate,0
515,20,Female,1,Arts,5,4,5.3,3.0,4.0,3.2,1.3,3.3,Instagram,3.0,6.3,1.8,86.9,48.3,2.76,64.7,2.7,0.9433962264150944,5.0,Moderate,0
516,22,Female,3,Business,2,1,5.8,3.0,8.0,2.0,0.5,0.5,Instagram,4.1,6.5,4.1,86.7,87.6,3.03,87.7,2.2,0.3448275862068966,1.6666666666666667,Low,0
517,22,Male,3,Engineering,7,7,5.3,1.0,4.0,6.3,2.3,3.7,Instagram,2.4,3.6,2.0,66.9,63.8,2.22,50.1,2.7,1.3207547169811322,6.666666666666667,High,0
518,19,Male,1,Arts,8,9,5.5,2.0,5.0,5.0,1.6,3.1,Both,3.5,4.6,5.4,85.8,63.0,2.21,56.7,2.5,1.4545454545454546,7.333333333333333,Moderate,0
519,21,Male,2,Engineering,6,7,6.3,1.0,5.0,3.2,1.5,1.7,TikTok,5.2,7.9,2.7,83.9,45.9,2.14,41.2,1.7000000000000002,0.9523809523809524,6.0,Moderate,0
520,22,Other,3,Business,6,4,7.7,3.0,5.0,4.9,2.3,2.9,Both,0.8,6.5,1.9,78.2,67.7,1.93,52.6,0.2999999999999998,0.7792207792207793,5.0,Moderate,0
521,18,Male,2,Science,7,8,5.4,1.0,3.0,2.6,1.6,3.1,Both,0.2,5.0,4.1,77.8,69.2,1.92,55.8,2.5999999999999996,1.2962962962962963,7.333333333333333,Moderate,0
522,22,Female,1,Computer Science,5,5,8.0,4.0,7.0,3.9,1.9,3.3,Instagram,5.0,6.6,4.3,87.1,89.5,3.17,82.6,0.0,0.625,4.333333333333333,Moderate,0
523,20,Female,1,Computer Science,5,4,7.7,5.0,7.0,3.8,0.7,1.9,TikTok,3.4,6.2,3.3,85.1,68.2,2.92,68.1,0.2999999999999998,0.6493506493506493,4.0,Moderate,0
524,22,Male,2,Business,7,6,5.1,2.0,4.0,4.2,1.4,3.4,Instagram,2.8,6.5,1.5,84.6,45.5,1.86,47.2,2.9000000000000004,1.3725490196078431,6.333333333333333,Moderate,0
525,20,Male,4,Science,9,9,4.6,1.0,3.0,4.3,1.6,5.2,Instagram,4.2,6.3,0.0,59.4,31.3,1.14,63.2,3.4000000000000004,1.956521739130435,8.333333333333334,Moderate,1
526,18,Male,1,Science,1,1,9.2,5.0,9.0,2.2,0.7,2.0,Instagram,3.3,4.8,5.0,93.5,84.9,3.39,84.9,-1.1999999999999993,0.10869565217391305,1.0,Moderate,0
527,18,Female,3,Computer Science,6,6,7.8,3.0,5.0,2.7,1.4,1.9,Instagram,3.1,3.4,2.5,82.1,75.2,2.7,73.7,0.20000000000000018,0.7692307692307693,5.666666666666667,Moderate,0
528,21,Female,1,Science,5,5,6.6,2.0,4.0,5.7,2.1,4.5,Both,3.4,4.6,1.7,83.4,86.0,2.46,70.9,1.4000000000000004,0.7575757575757576,5.333333333333333,High,0
529,21,Female,2,Engineering,8,6,6.7,1.0,4.0,7.5,3.2,5.8,TikTok,6.5,6.2,2.8,70.4,51.9,2.59,62.8,1.2999999999999998,1.1940298507462686,6.666666666666667,High,0
530,19,Female,4,Engineering,7,7,5.0,1.0,5.0,5.6,2.5,3.6,Both,6.0,7.9,3.9,82.3,68.1,3.03,68.1,3.0,1.4,6.333333333333333,High,0
531,22,Male,3,Business,5,4,6.7,3.0,5.0,3.9,0.7,2.0,Instagram,2.4,6.4,2.7,73.2,64.0,2.74,65.4,1.2999999999999998,0.7462686567164178,4.666666666666667,Moderate,0
532,18,Other,1,Business,8,10,5.6,1.0,4.0,6.8,2.9,3.8,Instagram,4.4,6.9,2.7,65.8,57.7,2.36,59.5,2.4000000000000004,1.4285714285714286,8.0,High,0
533,21,Female,2,Computer Science,5,5,4.2,1.0,5.0,2.7,1.1,1.9,Instagram,4.0,5.5,2.6,74.8,68.4,3.06,66.1,3.8,1.1904761904761905,5.0,Moderate,0
534,19,Male,1,Engineering,6,7,5.0,2.0,5.0,5.3,1.6,3.3,Both,3.4,6.0,2.5,88.1,51.3,2.25,52.3,3.0,1.2,6.0,High,0
535,20,Other,2,Science,3,4,6.3,3.0,6.0,3.9,0.6,1.1,TikTok,2.2,6.3,2.6,100.0,68.5,3.42,80.3,1.7000000000000002,0.4761904761904762,3.6666666666666665,Moderate,0
536,21,Female,3,Computer Science,8,8,4.9,1.0,4.0,3.5,1.6,2.7,TikTok,3.4,5.5,1.7,75.1,57.7,2.38,57.1,3.0999999999999996,1.6326530612244896,7.333333333333333,Moderate,1
537,20,Female,1,Computer Science,5,5,6.5,3.0,7.0,3.5,1.3,1.1,Instagram,3.2,5.3,1.8,79.5,64.7,2.36,55.2,1.5,0.7692307692307693,4.333333333333333,Moderate,0
538,20,Female,1,Science,6,5,5.4,3.0,5.0,2.6,0.2,2.7,Instagram,2.8,5.8,1.0,77.0,53.9,2.28,52.5,2.5999999999999996,1.111111111111111,5.333333333333333,Moderate,0
539,23,Female,2,Business,8,6,5.7,1.0,3.0,3.9,2.2,3.2,Both,2.1,6.6,2.6,73.9,58.3,2.05,49.8,2.3,1.4035087719298245,7.0,Moderate,0
540,20,Female,4,Science,6,6,6.8,2.0,5.0,2.7,1.6,1.9,TikTok,5.5,5.9,2.5,91.4,67.7,2.2,62.5,1.2000000000000002,0.8823529411764706,5.666666666666667,Moderate,0
541,22,Male,4,Other,9,9,6.3,2.0,4.0,3.6,1.8,3.8,Instagram,2.1,5.5,1.0,63.1,52.6,1.79,48.7,1.7000000000000002,1.4285714285714286,8.0,Moderate,0
542,19,Male,1,Engineering,7,7,6.5,1.0,4.0,3.9,2.6,2.7,Both,2.0,6.3,1.1,83.3,57.3,1.62,42.5,1.5,1.0769230769230769,6.666666666666667,Moderate,0
543,22,Other,3,Other,5,5,7.2,4.0,6.0,4.4,1.3,3.2,TikTok,4.7,5.8,1.5,74.9,59.8,2.6,56.9,0.7999999999999998,0.6944444444444444,4.666666666666667,Moderate,0
544,23,Male,2,Arts,5,4,7.1,1.0,5.0,2.9,2.3,3.3,Instagram,3.1,6.1,0.9,79.1,59.7,2.55,59.5,0.9000000000000004,0.7042253521126761,4.666666666666667,Moderate,0
545,18,Male,2,Business,4,4,7.8,5.0,7.0,3.9,0.0,1.6,TikTok,3.2,6.3,3.8,86.0,76.1,2.97,75.2,0.20000000000000018,0.5128205128205129,3.6666666666666665,Moderate,0
546,20,Male,3,Engineering,10,10,5.6,1.0,4.0,4.2,3.6,6.2,Both,4.6,5.6,2.8,72.5,29.6,2.54,33.2,2.4000000000000004,1.7857142857142858,8.666666666666666,Moderate,0
547,22,Male,4,Business,7,8,5.5,1.0,5.0,4.8,3.1,4.2,TikTok,5.2,8.4,2.8,76.5,57.8,2.46,61.0,2.5,1.2727272727272727,6.666666666666667,Moderate,0
548,21,Female,4,Science,7,7,4.5,2.0,3.0,2.9,0.9,1.8,Instagram,1.0,6.2,2.7,71.1,54.9,2.32,57.7,3.5,1.5555555555555556,7.0,Moderate,1
549,22,Other,2,Engineering,7,6,6.0,3.0,4.0,3.1,0.0,4.3,Instagram,3.1,6.3,2.1,75.9,42.6,2.24,51.8,2.0,1.1666666666666667,6.333333333333333,Moderate,0
550,20,Male,2,Arts,6,6,7.4,3.0,4.0,1.6,1.6,4.6,Both,1.5,7.2,2.8,69.4,69.9,2.43,59.9,0.5999999999999996,0.8108108108108107,6.0,Low,0
551,21,Male,3,Other,4,3,7.6,3.0,6.0,3.5,0.3,2.5,Both,3.4,6.5,3.3,89.1,81.0,3.14,78.6,0.40000000000000036,0.5263157894736842,3.6666666666666665,Moderate,0
552,21,Male,1,Business,5,5,7.7,3.0,5.0,3.3,1.3,2.8,Both,3.5,5.8,3.4,89.4,76.2,2.91,78.1,0.2999999999999998,0.6493506493506493,5.0,Moderate,0
553,23,Female,2,Arts,7,8,4.6,1.0,4.0,4.5,2.4,3.0,Instagram,2.5,7.6,2.2,80.4,60.4,2.54,44.9,3.4000000000000004,1.5217391304347827,7.0,Moderate,0
554,21,Female,2,Engineering,4,3,7.6,5.0,7.0,4.7,1.1,3.2,Instagram,1.7,4.8,4.8,96.2,81.4,3.04,75.5,0.40000000000000036,0.5263157894736842,3.3333333333333335,Moderate,0
555,22,Male,3,Science,5,5,4.2,1.0,4.0,6.0,2.0,2.4,Instagram,2.2,8.1,4.1,77.4,64.7,2.44,60.9,3.8,1.1904761904761905,5.333333333333333,High,0
556,20,Female,1,Engineering,4,3,7.6,4.0,7.0,3.5,1.7,2.4,TikTok,4.7,6.8,5.0,96.2,90.9,3.36,85.3,0.40000000000000036,0.5263157894736842,3.3333333333333335,Moderate,0
557,20,Female,1,Arts,5,4,6.2,2.0,5.0,3.7,1.9,3.1,Both,5.5,7.9,1.8,82.7,52.6,2.54,59.1,1.7999999999999998,0.8064516129032258,4.666666666666667,Moderate,0
558,20,Female,4,Other,7,9,6.6,2.0,3.0,3.5,1.4,3.7,Both,0.6,9.0,3.4,65.0,54.6,1.85,48.0,1.4000000000000004,1.0606060606060606,7.666666666666667,Moderate,0
559,22,Other,1,Arts,6,7,5.3,1.0,3.0,2.1,0.4,3.0,TikTok,2.8,6.2,2.8,81.9,64.5,1.95,48.8,2.7,1.1320754716981132,6.666666666666667,Moderate,0
560,20,Male,2,Engineering,5,5,7.6,2.0,6.0,3.5,2.6,2.6,Both,4.1,6.4,2.6,89.3,70.7,2.47,69.9,0.40000000000000036,0.6578947368421053,4.666666666666667,Moderate,0
561,21,Female,1,Science,5,5,5.0,2.0,5.0,3.9,1.4,2.3,Both,3.1,5.0,1.5,77.5,63.4,2.25,61.3,3.0,1.0,5.0,Moderate,0
562,25,Female,1,Business,5,3,6.2,3.0,7.0,2.5,0.7,2.7,Instagram,1.5,5.6,2.3,78.3,50.3,2.73,60.7,1.7999999999999998,0.8064516129032258,3.6666666666666665,Moderate,0
563,22,Female,1,Science,6,5,5.6,2.0,4.0,5.3,2.6,3.0,Both,2.5,4.7,1.2,79.4,52.5,1.65,46.0,2.4000000000000004,1.0714285714285714,5.666666666666667,High,0
564,20,Female,1,Computer Science,8,7,4.6,2.0,3.0,7.1,2.7,3.4,TikTok,4.1,6.1,0.0,69.1,30.7,1.47,32.8,3.4000000000000004,1.7391304347826089,7.333333333333333,High,1
565,23,Female,4,Computer Science,5,5,6.2,2.0,6.0,3.7,1.3,1.6,Instagram,3.2,9.9,3.7,83.2,76.9,2.74,69.6,1.7999999999999998,0.8064516129032258,4.666666666666667,Moderate,0
566,20,Female,1,Arts,6,6,8.6,3.0,6.0,5.2,3.6,3.5,Instagram,3.0,6.1,3.1,77.5,78.5,2.51,63.2,-0.5999999999999996,0.6976744186046512,5.333333333333333,High,0
567,18,Male,4,Science,6,6,8.6,5.0,7.0,3.6,1.4,3.8,TikTok,3.6,5.4,3.4,78.9,73.9,2.54,78.5,-0.5999999999999996,0.6976744186046512,5.0,Moderate,0
568,19,Female,2,Engineering,5,6,6.3,2.0,5.0,4.1,1.5,2.8,TikTok,2.5,5.8,3.9,71.5,66.6,2.95,70.6,1.7000000000000002,0.7936507936507937,5.333333333333333,Moderate,0
569,18,Other,2,Engineering,4,4,7.4,2.0,6.0,3.0,0.7,3.0,Instagram,3.4,6.0,3.2,100.0,68.3,2.75,62.8,0.5999999999999996,0.5405405405405405,4.0,Moderate,0
570,20,Other,2,Science,6,5,6.6,3.0,5.0,4.4,2.6,2.4,Instagram,3.0,7.5,3.7,79.4,64.9,2.76,63.6,1.4000000000000004,0.9090909090909092,5.333333333333333,Moderate,0
571,21,Male,2,Science,5,5,6.9,3.0,6.0,1.4,0.7,2.9,Both,2.0,5.8,2.2,88.8,58.3,2.47,61.3,1.0999999999999996,0.7246376811594203,4.666666666666667,Low,0
572,24,Male,3,Arts,6,7,6.3,2.0,7.0,5.2,2.0,2.9,Both,6.5,8.9,2.8,74.0,63.8,2.14,55.5,1.7000000000000002,0.9523809523809524,5.333333333333333,High,0
573,22,Male,1,Arts,5,5,6.9,3.0,6.0,2.4,0.9,3.1,Both,3.4,5.8,2.9,81.0,62.0,2.66,61.9,1.0999999999999996,0.7246376811594203,4.666666666666667,Moderate,0
574,21,Female,2,Engineering,6,4,7.0,4.0,5.0,5.1,1.0,1.1,Instagram,0.0,5.5,5.4,80.5,67.2,3.0,67.7,1.0,0.8571428571428571,5.0,High,0
575,22,Female,4,Science,10,5,5.3,2.0,7.0,4.1,2.0,2.1,Instagram,5.6,5.9,4.5,92.4,79.6,3.44,81.2,2.7,1.8867924528301887,6.0,Moderate,0
576,18,Male,4,Engineering,7,7,5.6,1.0,5.0,3.5,1.6,3.8,Instagram,5.1,6.0,3.5,72.7,65.3,2.99,63.8,2.4000000000000004,1.25,6.333333333333333,Moderate,0
577,21,Female,4,Engineering,6,3,5.8,2.0,5.0,3.0,1.0,3.2,Instagram,4.3,4.3,1.2,75.9,66.0,2.05,56.2,2.2,1.0344827586206897,4.666666666666667,Moderate,0
578,22,Female,2,Computer Science,6,8,7.4,1.0,5.0,5.4,2.8,5.4,Both,3.9,3.2,2.8,76.6,61.3,2.46,59.9,0.5999999999999996,0.8108108108108107,6.333333333333333,High,0
579,18,Female,3,Engineering,5,5,4.7,2.0,5.0,4.9,3.3,3.6,Both,6.1,7.5,3.3,79.2,51.4,2.7,65.6,3.3,1.0638297872340425,5.0,Moderate,0
580,23,Female,2,Science,6,9,6.5,1.0,5.0,3.6,1.9,4.4,Both,2.1,3.5,4.8,79.5,79.1,2.67,70.7,1.5,0.9230769230769231,6.666666666666667,Moderate,0
581,22,Female,2,Engineering,4,4,8.6,4.0,8.0,3.8,0.6,1.5,TikTok,3.8,7.1,2.8,79.2,75.5,3.18,78.5,-0.5999999999999996,0.46511627906976744,3.3333333333333335,Moderate,0
582,20,Female,1,Computer Science,5,5,7.9,4.0,6.0,1.4,0.0,2.8,Instagram,6.6,6.4,4.0,89.2,84.1,3.17,87.1,0.09999999999999964,0.6329113924050632,4.666666666666667,Low,0
583,22,Male,2,Business,4,4,8.0,3.0,8.0,4.1,1.0,2.8,TikTok,6.8,8.2,4.7,94.5,93.7,3.42,85.5,0.0,0.5,3.3333333333333335,Moderate,0
584,25,Female,1,Engineering,4,3,7.0,4.0,8.0,4.5,1.1,1.1,TikTok,3.1,4.5,3.9,76.8,86.3,3.15,80.0,1.0,0.5714285714285714,3.0,Moderate,0
585,21,Female,2,Business,5,5,6.8,3.0,7.0,4.5,1.3,3.9,TikTok,5.9,7.3,1.4,79.9,51.8,2.57,56.8,1.2000000000000002,0.7352941176470589,4.333333333333333,Moderate,0
586,21,Female,4,Arts,5,7,7.0,2.0,6.0,4.8,2.1,3.0,Instagram,4.7,6.9,3.5,83.1,82.6,2.96,72.1,1.0,0.7142857142857143,5.333333333333333,Moderate,0
587,20,Female,1,Other,4,3,8.3,3.0,7.0,2.1,1.6,3.7,TikTok,5.3,6.9,3.9,100.0,77.0,3.29,78.9,-0.3000000000000007,0.48192771084337344,3.3333333333333335,Moderate,0
588,20,Female,1,Engineering,6,6,4.4,1.0,6.0,1.2,0.0,1.2,Instagram,4.9,8.3,2.4,57.5,61.7,2.54,63.2,3.5999999999999996,1.3636363636363635,5.333333333333333,Low,0
589,22,Male,1,Computer Science,4,3,5.3,3.0,7.0,1.1,0.1,1.7,Instagram,4.0,6.7,2.8,79.5,65.2,2.54,63.6,2.7,0.7547169811320755,3.3333333333333335,Low,0
590,20,Female,4,Other,6,6,7.3,2.0,6.0,3.6,1.5,4.7,Both,6.5,3.6,2.0,88.4,53.8,3.1,71.0,0.7000000000000002,0.8219178082191781,5.333333333333333,Moderate,0
591,21,Male,2,Computer Science,8,10,6.1,1.0,2.0,4.2,1.6,3.0,Both,2.6,6.5,2.6,68.6,63.9,1.94,53.2,1.9000000000000004,1.3114754098360657,8.666666666666666,Moderate,0
592,20,Male,2,Arts,8,9,5.6,1.0,4.0,4.1,2.9,3.9,Instagram,6.1,7.1,1.1,73.3,43.4,2.51,50.1,2.4000000000000004,1.4285714285714286,7.666666666666667,Moderate,0
593,22,Female,3,Arts,5,6,4.9,2.0,5.0,4.3,1.9,3.0,Instagram,6.2,6.6,1.8,82.5,72.1,2.53,75.1,3.0999999999999996,1.0204081632653061,5.333333333333333,Moderate,0
594,22,Other,4,Science,6,6,5.4,1.0,6.0,4.5,1.2,5.4,Both,5.1,5.1,2.1,78.1,63.8,2.21,54.4,2.5999999999999996,1.111111111111111,5.333333333333333,Moderate,0
595,23,Male,2,Computer Science,6,9,5.0,2.0,3.0,2.8,1.4,2.1,Instagram,3.4,6.0,2.6,86.7,52.3,2.48,52.1,3.0,1.2,7.333333333333333,Moderate,0
596,20,Male,3,Business,4,3,8.4,5.0,9.0,2.7,1.1,2.2,TikTok,3.8,6.3,5.0,88.7,79.3,3.56,93.7,-0.40000000000000036,0.47619047619047616,2.6666666666666665,Moderate,0
597,21,Female,3,Arts,9,8,6.1,2.0,3.0,5.6,1.8,4.5,Instagram,1.7,4.3,0.5,75.9,53.2,2.14,53.0,1.9000000000000004,1.4754098360655739,8.0,High,0
598,19,Male,3,Science,8,10,5.9,1.0,3.0,4.1,2.7,3.9,Instagram,2.3,3.6,0.6,75.4,33.3,1.43,24.4,2.0999999999999996,1.3559322033898304,8.333333333333334,Moderate,0
599,20,Female,1,Arts,5,5,7.2,3.0,7.0,4.6,1.7,3.3,Both,4.7,4.7,2.5,88.7,73.5,2.68,75.1,0.7999999999999998,0.6944444444444444,4.333333333333333,Moderate,0
600,22,Female,4,Computer Science,6,6,7.0,3.0,5.0,5.5,1.7,4.2,Both,1.4,5.4,0.9,73.4,67.6,2.53,57.1,1.0,0.8571428571428571,5.666666666666667,High,0
601,22,Female,2,Engineering,4,6,7.5,4.0,6.0,3.8,2.6,2.8,Instagram,3.0,8.1,4.1,86.6,76.6,3.26,80.3,0.5,0.5333333333333333,4.666666666666667,Moderate,0
602,19,Male,1,Computer Science,4,5,7.7,4.0,5.0,3.7,2.4,1.5,Instagram,5.9,9.8,1.3,88.1,61.0,2.86,69.7,0.2999999999999998,0.5194805194805194,4.666666666666667,Moderate,0
603,22,Male,2,Business,4,6,5.8,1.0,7.0,2.9,0.7,2.3,Instagram,3.3,7.1,3.8,77.0,73.0,3.26,80.1,2.2,0.6896551724137931,4.333333333333333,Moderate,0
604,23,Female,1,Computer Science,7,7,6.5,2.0,5.0,5.7,3.2,3.2,Instagram,4.8,5.3,3.5,84.4,63.8,2.56,66.0,1.5,1.0769230769230769,6.333333333333333,High,0
605,22,Female,1,Science,7,6,7.6,2.0,7.0,3.9,2.0,4.5,Both,3.9,4.9,2.8,66.9,81.0,1.87,65.7,0.40000000000000036,0.9210526315789475,5.333333333333333,Moderate,0
606,24,Male,3,Science,9,7,5.8,2.0,2.0,6.4,1.7,6.2,Both,2.3,6.3,0.0,78.9,44.0,1.46,46.4,2.2,1.5517241379310345,8.0,High,0
607,20,Female,1,Computer Science,5,6,6.6,3.0,4.0,6.1,3.1,2.9,TikTok,2.9,7.7,2.9,66.5,56.7,3.2,69.2,1.4000000000000004,0.7575757575757576,5.666666666666667,High,0
608,19,Male,2,Engineering,6,4,6.7,3.0,5.0,3.9,2.6,3.4,Both,3.8,5.4,1.8,79.0,52.3,2.47,56.0,1.2999999999999998,0.8955223880597015,5.0,Moderate,0
609,18,Female,2,Computer Science,6,6,7.0,3.0,4.0,2.1,1.1,3.3,Both,0.6,7.1,2.8,79.5,58.9,1.96,52.3,1.0,0.8571428571428571,6.0,Moderate,0
610,24,Male,1,Business,7,8,4.9,2.0,4.0,3.2,0.8,3.6,Both,4.7,6.3,2.5,67.1,45.3,2.64,61.5,3.0999999999999996,1.4285714285714284,7.0,Moderate,0
611,22,Other,4,Business,5,5,6.8,3.0,6.0,3.5,0.5,2.2,Instagram,3.9,7.3,4.1,85.1,62.5,3.16,69.3,1.2000000000000002,0.7352941176470589,4.666666666666667,Moderate,0
612,21,Male,1,Science,4,4,6.4,3.0,6.0,6.3,1.4,0.8,Instagram,4.8,8.4,4.7,86.5,81.1,3.18,83.2,1.5999999999999996,0.625,4.0,High,0
613,21,Male,2,Business,6,7,7.2,2.0,7.0,5.2,2.7,3.3,Both,3.8,4.4,2.5,83.2,70.8,2.72,66.3,0.7999999999999998,0.8333333333333333,5.333333333333333,High,0
614,19,Male,2,Science,5,6,7.1,3.0,6.0,3.7,1.5,1.0,Instagram,3.5,7.2,3.5,80.4,77.6,2.54,66.9,0.9000000000000004,0.7042253521126761,5.0,Moderate,0
615,25,Male,1,Engineering,4,5,8.7,5.0,8.0,3.2,1.8,3.3,Both,3.3,7.8,5.4,85.4,86.6,3.34,89.0,-0.6999999999999993,0.4597701149425288,3.6666666666666665,Moderate,0
616,21,Female,1,Science,5,5,8.1,2.0,7.0,5.5,2.6,2.9,Both,3.5,5.2,5.4,74.9,80.1,3.25,82.3,-0.09999999999999964,0.617283950617284,4.333333333333333,High,0
617,21,Other,3,Engineering,4,2,7.6,4.0,9.0,3.9,1.0,2.7,Both,5.8,5.6,4.8,87.6,82.1,3.64,63.2,0.40000000000000036,0.5263157894736842,2.3333333333333335,Moderate,0
618,22,Male,4,Other,7,8,7.6,3.0,4.0,2.6,2.1,4.0,Instagram,3.7,6.6,2.4,85.8,68.5,2.54,63.2,0.40000000000000036,0.9210526315789475,7.0,Moderate,0
619,22,Male,1,Other,5,5,7.1,4.0,4.0,3.9,1.7,4.1,Both,3.3,6.1,2.8,79.5,57.7,2.68,53.9,0.9000000000000004,0.7042253521126761,5.333333333333333,Moderate,0
620,21,Female,3,Science,8,7,6.2,2.0,5.0,3.4,2.0,2.1,TikTok,1.5,5.5,2.2,69.7,47.2,2.47,53.9,1.7999999999999998,1.2903225806451613,6.666666666666667,Moderate,0
621,20,Female,3,Arts,2,2,7.0,4.0,8.0,2.3,1.3,0.3,Instagram,3.4,6.8,4.9,99.1,85.1,4.0,92.3,1.0,0.2857142857142857,2.0,Moderate,0
622,22,Female,4,Science,7,7,6.8,3.0,5.0,5.7,1.4,2.9,Both,5.7,4.8,1.9,79.5,54.2,2.14,52.2,1.2000000000000002,1.0294117647058825,6.333333333333333,High,0
623,24,Male,2,Arts,7,6,6.3,2.0,5.0,4.6,1.2,2.6,Instagram,4.0,6.9,2.8,79.5,59.7,2.54,64.9,1.7000000000000002,1.1111111111111112,6.0,Moderate,0
624,23,Male,2,Computer Science,4,3,7.0,4.0,6.0,4.0,2.2,1.7,Instagram,2.0,8.0,3.8,86.6,75.2,2.48,69.3,1.0,0.5714285714285714,3.6666666666666665,Moderate,0
625,24,Female,2,Other,2,2,6.3,2.0,8.0,2.6,0.3,0.0,Instagram,2.6,5.8,4.4,85.9,88.3,3.21,92.5,1.7000000000000002,0.31746031746031744,2.0,Moderate,0
626,20,Male,3,Science,8,7,5.1,1.0,2.0,3.7,1.5,3.3,Both,2.0,4.8,0.8,74.8,63.8,1.65,38.6,2.9000000000000004,1.5686274509803924,7.666666666666667,Moderate,0
627,19,Female,3,Computer Science,5,5,7.4,3.0,7.0,4.4,3.1,3.1,TikTok,4.9,6.8,3.5,79.5,60.3,3.28,74.2,0.5999999999999996,0.6756756756756757,4.333333333333333,Moderate,0
628,21,Male,1,Science,5,6,6.7,3.0,7.0,4.3,2.4,3.9,TikTok,4.4,9.7,4.7,88.6,72.0,2.54,70.7,1.2999999999999998,0.7462686567164178,4.666666666666667,Moderate,0
629,21,Female,2,Other,6,7,8.7,4.0,6.0,3.4,1.4,2.8,Both,0.0,6.7,2.8,87.3,74.2,2.2,62.8,-0.6999999999999993,0.6896551724137931,5.666666666666667,Moderate,0
630,23,Male,4,Engineering,6,8,4.3,2.0,4.0,2.6,0.7,3.9,TikTok,3.7,5.9,2.4,60.8,50.9,2.67,57.4,3.7,1.3953488372093024,6.666666666666667,Moderate,0
631,18,Female,3,Business,4,4,5.3,2.0,6.0,3.1,0.1,1.5,Instagram,3.8,6.7,1.0,73.3,56.7,2.15,54.2,2.7,0.7547169811320755,4.0,Moderate,0
632,24,Female,4,Arts,5,4,6.2,3.0,6.0,1.9,0.1,2.6,Instagram,2.7,7.5,3.3,76.4,68.9,2.72,67.7,1.7999999999999998,0.8064516129032258,4.333333333333333,Low,0
633,21,Female,3,Arts,3,4,7.4,4.0,7.0,1.2,1.4,3.9,Both,2.4,4.6,3.8,81.3,81.1,3.16,79.6,0.5999999999999996,0.4054054054054054,3.3333333333333335,Low,0
634,20,Male,2,Engineering,5,6,6.8,3.0,8.0,4.7,0.9,2.8,Both,5.6,7.5,3.1,79.3,79.9,2.61,74.0,1.2000000000000002,0.7352941176470589,4.333333333333333,Moderate,0
635,19,Female,2,Other,3,3,6.6,3.0,6.0,0.4,0.2,1.6,Instagram,4.2,5.4,4.3,92.3,86.0,2.96,80.4,1.4000000000000004,0.4545454545454546,3.3333333333333335,Low,0
636,18,Female,3,Engineering,8,8,4.7,1.0,4.0,5.6,1.1,3.6,Instagram,2.9,7.0,1.4,70.9,54.1,2.17,52.3,3.3,1.702127659574468,7.333333333333333,High,1
637,22,Female,1,Arts,7,7,5.5,2.0,3.0,4.0,0.4,3.7,Both,2.7,5.5,3.3,73.1,59.6,2.55,59.3,2.5,1.2727272727272727,7.0,Moderate,0
638,21,Female,2,Engineering,5,5,6.8,3.0,6.0,4.1,1.4,2.2,Instagram,3.1,6.5,2.1,80.0,73.9,2.51,68.6,1.2000000000000002,0.7352941176470589,4.666666666666667,Moderate,0
639,19,Female,3,Science,6,6,4.5,2.0,6.0,2.5,0.5,2.0,Instagram,4.2,6.2,3.9,72.7,65.4,2.53,63.2,3.5,1.3333333333333333,5.333333333333333,Moderate,0
640,19,Female,1,Business,8,7,5.9,2.0,3.0,5.1,3.0,3.6,Both,1.0,6.3,2.1,69.6,37.6,2.09,44.2,2.0999999999999996,1.3559322033898304,7.333333333333333,High,0
641,20,Male,3,Science,6,6,6.6,3.0,7.0,5.6,2.8,4.0,Instagram,2.4,5.5,2.6,87.4,81.5,2.56,70.0,1.4000000000000004,0.9090909090909092,5.0,High,0
642,24,Female,2,Engineering,5,7,5.6,2.0,6.0,4.8,2.1,2.1,Instagram,4.7,9.3,1.2,68.9,55.4,2.67,63.2,2.4000000000000004,0.8928571428571429,5.333333333333333,Moderate,0
643,21,Female,4,Engineering,6,5,7.7,2.0,6.0,2.7,1.2,3.2,Both,3.3,7.8,2.0,90.0,65.8,2.48,59.2,0.2999999999999998,0.7792207792207793,5.0,Moderate,0
644,18,Male,1,Science,8,8,7.8,2.0,3.0,6.4,3.8,5.0,Instagram,1.5,3.7,2.6,90.9,51.9,2.43,54.0,0.20000000000000018,1.0256410256410258,7.666666666666667,High,0
645,21,Male,1,Computer Science,8,7,4.9,1.0,3.0,3.8,1.0,4.0,TikTok,1.6,5.8,0.8,77.8,60.7,1.9,51.4,3.0999999999999996,1.6326530612244896,7.333333333333333,Moderate,1
646,21,Male,3,Computer Science,7,8,5.1,2.0,4.0,2.2,0.0,3.6,Instagram,4.7,7.3,3.2,68.7,53.2,2.62,58.4,2.9000000000000004,1.3725490196078431,7.0,Moderate,0
647,18,Female,1,Engineering,9,10,3.9,1.0,1.0,6.9,2.0,4.6,Both,2.2,5.0,1.3,62.5,38.1,2.01,48.3,4.1,2.307692307692308,9.333333333333334,High,1
648,21,Female,3,Science,8,7,5.3,1.0,5.0,5.8,3.4,3.4,Both,4.1,7.7,0.4,79.6,31.4,1.78,37.7,2.7,1.509433962264151,6.666666666666667,High,0
649,21,Female,3,Engineering,6,4,7.0,4.0,5.0,2.1,1.5,3.4,Both,2.5,7.2,3.7,77.8,71.4,2.53,62.4,1.0,0.8571428571428571,5.0,Moderate,0
650,22,Female,1,Engineering,3,4,6.3,4.0,6.0,2.2,0.8,2.1,Instagram,2.1,6.0,3.1,80.4,70.8,2.72,74.3,1.7000000000000002,0.4761904761904762,3.6666666666666665,Moderate,0
651,24,Male,2,Arts,6,5,7.1,3.0,6.0,3.7,0.4,3.0,Instagram,3.8,7.5,2.8,80.4,52.9,2.79,63.1,0.9000000000000004,0.8450704225352114,5.0,Moderate,0
652,23,Male,2,Business,6,7,4.9,1.0,5.0,3.5,1.4,0.7,Instagram,3.5,6.3,3.7,68.2,63.4,2.49,64.2,3.0999999999999996,1.2244897959183672,6.0,Moderate,0
653,21,Male,2,Engineering,5,5,7.3,3.0,7.0,3.9,2.5,3.2,Instagram,4.2,8.0,2.8,82.9,62.0,3.17,73.7,0.7000000000000002,0.684931506849315,4.333333333333333,Moderate,0
654,19,Male,4,Engineering,7,8,5.1,1.0,4.0,6.4,2.4,2.1,TikTok,4.6,7.7,1.1,67.2,46.5,2.04,44.7,2.9000000000000004,1.3725490196078431,7.0,High,0
655,25,Male,4,Engineering,3,3,6.2,2.0,7.0,2.9,0.2,2.9,Both,3.6,5.0,3.9,89.8,63.8,2.76,66.6,1.7999999999999998,0.48387096774193544,3.0,Moderate,0
656,21,Male,3,Computer Science,6,5,6.0,2.0,5.0,3.9,1.0,2.7,Instagram,4.0,6.7,0.8,73.2,53.8,2.24,57.9,2.0,1.0,5.333333333333333,Moderate,0
657,21,Female,3,Other,7,6,6.3,1.0,4.0,0.1,0.6,3.1,Instagram,2.7,3.5,1.4,72.6,39.9,2.38,48.4,1.7000000000000002,1.1111111111111112,6.333333333333333,Low,0
658,21,Female,2,Engineering,6,7,5.1,2.0,4.0,4.5,1.3,3.6,Instagram,4.3,5.4,3.3,79.5,69.6,2.29,63.9,2.9000000000000004,1.1764705882352942,6.333333333333333,Moderate,0
659,21,Other,4,Engineering,6,5,7.0,2.0,6.0,3.4,0.9,3.6,Both,3.7,7.5,2.8,83.0,60.3,2.35,61.4,1.0,0.8571428571428571,5.0,Moderate,0
660,21,Other,3,Computer Science,5,6,6.6,3.0,7.0,4.6,0.7,1.8,TikTok,2.5,6.2,1.7,85.9,67.7,2.34,57.6,1.4000000000000004,0.7575757575757576,4.666666666666667,Moderate,0
661,20,Female,3,Computer Science,3,2,7.2,3.0,8.0,2.4,1.1,2.9,Both,2.4,5.9,3.9,88.0,79.2,2.89,71.7,0.7999999999999998,0.41666666666666663,2.3333333333333335,Moderate,0
662,20,Male,4,Science,6,6,6.2,2.0,5.0,3.1,1.0,2.3,Both,4.0,6.6,2.4,74.5,60.8,2.08,47.9,1.7999999999999998,0.9677419354838709,5.666666666666667,Moderate,0
663,21,Female,1,Engineering,2,2,6.8,2.0,8.0,3.4,0.6,0.3,Instagram,5.2,7.2,3.1,86.4,86.7,2.71,77.0,1.2000000000000002,0.29411764705882354,2.0,Moderate,0
664,20,Female,3,Engineering,7,7,4.2,1.0,3.0,5.4,1.5,1.6,Instagram,3.4,8.1,6.0,88.7,67.4,2.9,76.9,3.8,1.6666666666666665,7.0,High,0
665,20,Male,1,Business,7,6,6.3,2.0,3.0,4.5,1.7,3.1,Instagram,3.4,6.3,2.9,81.1,52.5,2.53,56.0,1.7000000000000002,1.1111111111111112,6.666666666666667,Moderate,0
666,21,Male,2,Science,5,5,6.4,2.0,6.0,3.0,1.3,2.7,Instagram,2.2,6.5,2.6,78.5,68.8,2.33,62.3,1.5999999999999996,0.78125,4.666666666666667,Moderate,0
667,21,Female,2,Engineering,4,2,8.5,4.0,7.0,5.7,1.8,1.4,TikTok,2.5,4.9,4.9,83.4,73.8,3.26,81.5,-0.5,0.47058823529411764,3.0,High,0
668,24,Male,4,Business,6,5,6.9,3.0,4.0,2.7,1.4,3.6,Both,2.9,6.8,2.6,70.2,56.1,2.55,61.3,1.0999999999999996,0.8695652173913043,5.666666666666667,Moderate,0
669,18,Female,4,Engineering,7,6,7.3,4.0,4.0,3.9,1.4,2.6,TikTok,1.1,5.3,2.8,84.1,48.3,2.54,45.8,0.7000000000000002,0.9589041095890412,6.333333333333333,Moderate,0
670,23,Female,3,Computer Science,5,5,7.0,2.0,7.0,5.3,2.0,3.6,Both,4.3,6.3,3.4,78.6,78.5,3.08,83.0,1.0,0.7142857142857143,4.333333333333333,High,0
671,23,Male,3,Science,5,6,5.5,4.0,6.0,4.3,0.0,2.8,Both,2.9,5.7,3.3,85.4,59.9,2.66,64.3,2.5,0.9090909090909091,5.0,Moderate,0
672,18,Male,2,Engineering,3,2,6.3,2.0,6.0,4.9,2.0,1.4,TikTok,4.4,6.5,4.5,91.3,76.1,3.33,79.2,1.7000000000000002,0.4761904761904762,3.0,Moderate,0
673,20,Male,4,Business,6,7,6.1,3.0,5.0,6.3,1.0,3.6,Both,3.0,4.7,4.3,86.5,60.9,2.91,66.9,1.9000000000000004,0.9836065573770493,6.0,High,0
674,20,Male,2,Science,5,4,5.3,1.0,5.0,3.8,1.4,2.4,Both,3.4,6.7,3.9,83.4,67.2,3.4,79.0,2.7,0.9433962264150944,4.666666666666667,Moderate,0
675,19,Male,2,Other,6,5,5.8,1.0,4.0,3.9,2.3,2.1,Instagram,2.4,6.3,3.5,75.2,64.4,2.25,57.8,2.2,1.0344827586206897,5.666666666666667,Moderate,0
676,20,Female,1,Business,9,7,6.3,2.0,4.0,4.6,2.8,2.9,Both,2.9,4.1,2.7,72.1,59.8,1.89,58.4,1.7000000000000002,1.4285714285714286,7.333333333333333,Moderate,0
677,19,Male,3,Science,5,6,7.8,3.0,6.0,4.4,1.5,4.4,Both,2.3,4.9,4.5,83.2,67.5,3.48,82.6,0.20000000000000018,0.6410256410256411,5.0,Moderate,0
678,24,Female,3,Arts,7,7,4.1,1.0,2.0,4.0,1.2,3.7,TikTok,3.4,6.1,2.6,69.8,49.7,2.32,54.3,3.9000000000000004,1.707317073170732,7.333333333333333,Moderate,1
679,23,Male,2,Science,4,5,7.9,3.0,7.0,3.9,1.8,3.2,Both,5.7,6.0,1.7,78.3,76.4,2.54,73.5,0.09999999999999964,0.5063291139240506,4.0,Moderate,0
680,23,Other,1,Computer Science,5,5,5.8,2.0,7.0,4.7,1.7,2.3,Both,4.1,6.3,3.2,66.3,73.7,2.54,65.1,2.2,0.8620689655172414,4.333333333333333,Moderate,0
681,22,Male,4,Science,8,8,4.5,1.0,3.0,3.1,1.1,2.9,Instagram,3.9,8.6,3.6,75.7,52.5,2.2,51.6,3.5,1.7777777777777777,7.666666666666667,Moderate,1
682,19,Male,1,Business,3,3,7.8,2.0,6.0,3.0,0.3,3.3,Both,1.8,4.5,2.7,85.7,63.8,2.82,67.9,0.20000000000000018,0.38461538461538464,3.3333333333333335,Moderate,0
683,20,Female,3,Engineering,7,9,6.9,2.0,5.0,1.8,0.0,2.9,Instagram,4.2,3.2,2.0,85.0,72.2,1.94,58.4,1.0999999999999996,1.0144927536231882,7.0,Low,0
684,22,Female,4,Science,8,8,7.4,3.0,5.0,4.6,1.5,4.5,Both,4.5,5.4,2.4,75.6,48.0,2.65,58.3,0.5999999999999996,1.081081081081081,7.0,Moderate,0
685,19,Male,2,Computer Science,6,8,7.1,4.0,6.0,3.1,1.4,2.5,Both,3.8,6.0,3.1,80.9,51.7,2.1,46.6,0.9000000000000004,0.8450704225352114,6.0,Moderate,0
686,22,Female,1,Computer Science,4,5,9.0,5.0,8.0,3.5,2.6,2.5,Instagram,3.3,5.7,3.2,95.1,72.5,2.82,73.8,-1.0,0.4444444444444444,3.6666666666666665,Moderate,0
687,21,Male,3,Engineering,4,4,6.8,2.0,6.0,2.9,1.7,2.0,Instagram,3.2,6.7,3.5,93.9,73.3,2.76,67.9,1.2000000000000002,0.5882352941176471,4.0,Moderate,0
688,20,Female,3,Engineering,7,8,5.9,1.0,4.0,4.3,3.1,2.3,Both,4.0,5.3,2.8,74.2,54.2,3.03,67.5,2.0999999999999996,1.1864406779661016,7.0,Moderate,0
689,22,Male,2,Computer Science,5,2,6.9,2.0,7.0,2.6,0.6,2.1,TikTok,3.4,5.5,0.9,77.8,64.0,2.41,64.8,1.0999999999999996,0.7246376811594203,3.3333333333333335,Moderate,0
690,22,Male,4,Other,5,5,7.3,3.0,5.0,4.0,2.4,4.7,Instagram,4.0,5.2,3.2,91.7,72.3,2.91,77.2,0.7000000000000002,0.684931506849315,5.0,Moderate,0
691,20,Female,1,Engineering,6,5,5.7,3.0,6.0,3.6,1.1,2.7,TikTok,1.9,5.1,2.0,74.0,52.5,1.98,54.7,2.3,1.0526315789473684,5.0,Moderate,0
692,23,Female,2,Business,5,7,5.8,2.0,6.0,3.7,1.7,2.6,TikTok,2.4,8.6,0.9,75.6,50.5,2.42,61.8,2.2,0.8620689655172414,5.333333333333333,Moderate,0
693,19,Male,3,Science,4,4,5.7,2.0,5.0,3.6,0.6,4.6,Instagram,4.3,7.9,3.4,79.7,64.9,3.64,82.1,2.3,0.7017543859649122,4.333333333333333,Moderate,0
694,22,Female,4,Computer Science,8,8,3.7,1.0,3.0,5.3,2.4,3.9,Both,1.7,3.6,1.9,62.0,52.6,1.91,50.4,4.3,2.162162162162162,7.666666666666667,High,1
695,22,Female,1,Engineering,6,6,6.9,4.0,5.0,2.1,0.0,4.6,Both,3.6,3.6,2.7,85.2,60.2,2.45,59.2,1.0999999999999996,0.8695652173913043,5.666666666666667,Moderate,0
696,20,Male,3,Engineering,9,8,4.0,1.0,3.0,5.1,1.2,5.1,Both,2.9,5.5,1.8,57.9,34.6,1.18,31.3,4.0,2.25,8.0,High,1
697,22,Female,2,Computer Science,6,6,6.5,2.0,5.0,3.3,1.8,2.8,Both,1.9,6.3,3.1,78.4,71.8,2.69,75.0,1.5,0.9230769230769231,5.666666666666667,Moderate,0
698,19,Male,2,Engineering,5,6,7.2,4.0,6.0,4.3,0.7,1.8,Instagram,4.7,7.6,2.4,85.8,63.8,2.43,61.4,0.7999999999999998,0.6944444444444444,5.0,Moderate,0
699,23,Female,1,Business,5,3,6.3,3.0,6.0,2.7,0.0,2.3,Instagram,4.7,6.6,3.6,78.2,59.6,2.62,62.8,1.7000000000000002,0.7936507936507937,4.0,Moderate,0
700,21,Female,4,Business,5,5,7.7,2.0,4.0,3.9,1.8,2.2,Instagram,1.9,5.4,4.5,92.9,91.2,3.25,90.9,0.2999999999999998,0.6493506493506493,5.333333333333333,Moderate,0
701,20,Other,1,Science,4,3,5.0,3.0,7.0,4.6,0.8,0.8,TikTok,4.3,8.2,1.7,86.6,65.3,2.3,60.1,3.0,0.8,3.3333333333333335,Moderate,0
702,23,Male,2,Science,7,8,7.9,4.0,5.0,4.6,1.5,2.9,Both,3.4,6.0,3.6,77.3,67.0,2.66,64.0,0.09999999999999964,0.8860759493670886,6.666666666666667,Moderate,0
703,20,Male,1,Business,6,6,7.3,1.0,7.0,2.7,1.4,4.0,Both,4.5,6.3,2.4,81.4,61.0,2.79,69.8,0.7000000000000002,0.8219178082191781,5.0,Moderate,0
704,19,Male,4,Engineering,7,6,3.9,1.0,5.0,6.4,3.5,3.2,Both,3.9,4.3,2.6,77.3,52.2,2.54,47.2,4.1,1.794871794871795,6.0,High,0
705,18,Male,3,Business,4,4,8.9,4.0,8.0,5.4,2.5,2.3,Both,5.3,7.3,4.1,91.2,63.8,2.96,77.5,-0.9000000000000004,0.449438202247191,3.3333333333333335,High,0
706,22,Male,3,Computer Science,5,6,6.2,3.0,5.0,5.6,1.9,1.1,Instagram,3.6,6.0,2.9,89.8,64.9,2.77,68.0,1.7999999999999998,0.8064516129032258,5.333333333333333,High,0
707,19,Other,1,Computer Science,7,7,5.5,2.0,5.0,4.6,1.5,2.6,TikTok,3.1,6.7,2.8,78.2,53.8,2.5,59.7,2.5,1.2727272727272727,6.333333333333333,Moderate,0
708,24,Male,3,Engineering,7,7,4.8,1.0,3.0,4.7,1.5,2.4,Instagram,2.1,6.3,1.8,73.6,51.0,1.84,39.8,3.2,1.4583333333333335,7.0,Moderate,1
709,18,Male,2,Engineering,6,6,5.9,3.0,6.0,2.0,0.0,2.8,Instagram,1.8,6.4,3.7,77.8,62.3,2.38,63.5,2.0999999999999996,1.0169491525423728,5.333333333333333,Low,0
710,24,Female,4,Science,8,9,6.0,1.0,3.0,3.3,1.1,4.1,Both,2.0,6.8,3.5,92.9,63.3,2.01,55.9,2.0,1.3333333333333333,8.0,Moderate,0
711,21,Male,4,Science,7,7,6.0,3.0,6.0,3.2,1.0,3.6,TikTok,3.8,7.8,1.8,69.8,53.6,2.42,59.5,2.0,1.1666666666666667,6.0,Moderate,0
712,21,Female,1,Science,6,6,6.3,2.0,5.0,0.7,0.0,4.0,TikTok,2.9,8.2,2.2,71.1,54.0,2.92,66.1,1.7000000000000002,0.9523809523809524,5.666666666666667,Low,0
713,20,Male,3,Arts,6,6,6.8,2.0,6.0,4.4,0.5,1.9,Instagram,3.9,6.6,2.6,78.7,61.8,2.79,67.3,1.2000000000000002,0.8823529411764706,5.333333333333333,Moderate,0
714,22,Female,1,Engineering,6,5,6.3,3.0,6.0,1.3,0.0,2.4,Instagram,1.6,5.2,3.0,86.0,68.6,2.43,62.8,1.7000000000000002,0.9523809523809524,5.0,Low,0
715,21,Male,2,Engineering,8,9,4.3,1.0,3.0,3.9,1.2,3.0,TikTok,2.5,4.5,3.1,52.9,35.9,2.28,46.2,3.7,1.8604651162790697,8.0,Moderate,1
716,23,Male,1,Science,5,8,6.6,4.0,6.0,4.1,2.0,3.4,TikTok,2.1,6.3,1.0,67.9,60.1,2.02,54.6,1.4000000000000004,0.7575757575757576,5.666666666666667,Moderate,0
717,21,Other,2,Arts,7,7,3.8,1.0,3.0,4.2,2.0,3.9,TikTok,6.7,7.8,0.0,79.5,31.3,2.54,41.0,4.2,1.842105263157895,7.0,Moderate,0
718,21,Male,2,Engineering,5,5,6.8,3.0,5.0,4.9,1.7,3.4,Both,3.1,4.4,2.8,95.4,64.6,2.35,60.0,1.2000000000000002,0.7352941176470589,5.0,Moderate,0
719,20,Female,3,Arts,7,8,5.0,1.0,4.0,2.2,0.6,4.3,TikTok,3.5,7.3,2.2,73.9,32.9,2.13,47.3,3.0,1.4,7.0,Moderate,1
720,21,Male,2,Engineering,8,9,6.6,3.0,3.0,3.6,0.6,4.6,Both,2.7,5.5,1.0,66.8,51.8,2.26,53.2,1.4000000000000004,1.2121212121212122,8.0,Moderate,0
721,22,Male,3,Computer Science,3,3,7.7,5.0,9.0,3.0,0.0,3.6,Both,5.7,5.1,3.9,95.8,75.2,3.51,63.2,0.2999999999999998,0.38961038961038963,2.3333333333333335,Moderate,0
722,18,Female,2,Computer Science,6,5,5.1,3.0,4.0,3.9,0.0,1.5,TikTok,1.5,5.0,1.7,84.9,51.5,2.24,56.1,2.9000000000000004,1.1764705882352942,5.666666666666667,Moderate,0
723,19,Male,1,Science,3,5,7.7,5.0,7.0,4.1,0.6,2.7,Both,3.2,5.1,3.1,83.8,76.4,3.14,84.1,0.2999999999999998,0.38961038961038963,3.6666666666666665,Moderate,0
724,22,Female,3,Engineering,9,10,5.8,1.0,3.0,5.4,1.4,4.0,Instagram,1.1,4.3,3.2,71.8,63.8,1.87,39.6,2.2,1.5517241379310345,8.666666666666666,High,0
725,21,Other,1,Science,5,5,8.6,4.0,5.0,6.0,1.4,2.9,Instagram,0.0,5.5,2.7,83.6,70.1,2.7,68.2,-0.5999999999999996,0.5813953488372093,5.0,High,0
726,21,Female,2,Engineering,7,6,6.0,1.0,3.0,3.6,1.4,3.3,Instagram,2.5,7.0,1.9,78.7,59.6,2.38,63.2,2.0,1.1666666666666667,6.666666666666667,Moderate,0
727,21,Other,3,Arts,6,6,5.2,2.0,5.0,3.4,0.7,1.8,Instagram,4.5,8.8,2.7,74.3,61.4,2.37,62.2,2.8,1.1538461538461537,5.666666666666667,Moderate,0
728,22,Male,2,Computer Science,7,5,7.2,3.0,6.0,4.4,1.7,4.7,Both,2.1,4.6,3.7,81.5,63.4,2.52,65.4,0.7999999999999998,0.9722222222222222,5.333333333333333,Moderate,0
729,20,Male,1,Arts,3,4,6.1,3.0,7.0,5.0,1.8,0.0,Instagram,4.2,7.5,3.4,90.8,75.4,2.84,73.0,1.9000000000000004,0.49180327868852464,3.3333333333333335,Moderate,0
730,20,Male,2,Computer Science,3,4,5.4,4.0,5.0,4.7,0.3,1.0,TikTok,3.7,5.9,2.7,87.8,69.0,2.65,58.2,2.5999999999999996,0.5555555555555555,4.0,Moderate,0
731,21,Female,4,Science,8,8,5.4,2.0,4.0,4.6,1.6,3.4,Instagram,3.5,6.1,2.7,61.9,59.4,1.96,54.6,2.5999999999999996,1.4814814814814814,7.333333333333333,Moderate,0
732,19,Other,3,Engineering,7,6,5.9,2.0,4.0,4.5,1.4,2.8,Instagram,5.3,4.9,3.3,68.3,70.6,2.55,68.2,2.0999999999999996,1.1864406779661016,6.333333333333333,Moderate,0
733,22,Male,3,Arts,7,8,7.7,2.0,6.0,2.8,1.5,3.9,Instagram,2.5,4.4,4.1,74.4,65.6,2.63,69.6,0.2999999999999998,0.9090909090909091,6.333333333333333,Moderate,0
734,18,Female,3,Science,8,9,3.8,1.0,3.0,6.5,1.8,2.6,Both,3.4,7.4,1.6,71.2,47.5,1.44,38.6,4.2,2.1052631578947367,8.0,High,1
735,23,Male,1,Arts,5,4,6.3,2.0,5.0,4.1,2.1,2.9,Both,0.8,3.7,3.4,83.1,64.9,3.37,81.4,1.7000000000000002,0.7936507936507937,4.666666666666667,Moderate,0
736,22,Female,2,Science,3,4,6.3,4.0,7.0,0.4,0.8,1.9,TikTok,3.5,7.2,4.5,80.3,85.0,2.95,77.7,1.7000000000000002,0.4761904761904762,3.3333333333333335,Low,0
737,21,Female,3,Engineering,5,6,6.4,2.0,5.0,1.2,1.2,3.5,Both,3.1,5.2,3.1,82.7,71.1,2.62,66.4,1.5999999999999996,0.78125,5.333333333333333,Low,0
738,23,Other,1,Other,5,5,8.3,5.0,5.0,4.4,1.4,3.9,Instagram,1.6,3.2,4.6,89.6,78.3,3.07,74.9,-0.3000000000000007,0.6024096385542168,5.0,Moderate,0
739,24,Female,1,Engineering,6,5,6.8,3.0,5.0,2.5,1.4,4.3,TikTok,3.7,2.9,3.2,84.5,70.3,2.5,69.7,1.2000000000000002,0.8823529411764706,5.333333333333333,Moderate,0
740,23,Male,1,Other,8,8,6.6,3.0,4.0,4.7,2.1,5.5,TikTok,2.1,6.3,3.9,70.9,63.1,2.43,58.0,1.4000000000000004,1.2121212121212122,7.333333333333333,Moderate,0
741,18,Male,2,Other,7,6,6.8,3.0,5.0,3.9,1.9,3.4,TikTok,5.7,4.4,3.5,77.7,64.2,2.46,64.9,1.2000000000000002,1.0294117647058825,6.0,Moderate,0
742,19,Male,4,Computer Science,8,9,5.8,1.0,4.0,5.9,3.0,3.7,Both,0.1,5.1,0.1,79.5,34.2,1.78,37.1,2.2,1.3793103448275863,7.666666666666667,High,0
743,20,Male,1,Arts,2,2,6.1,3.0,9.0,3.9,0.0,0.2,Instagram,4.0,7.4,3.3,98.7,79.0,3.04,77.1,1.9000000000000004,0.3278688524590164,1.6666666666666667,Moderate,0
744,21,Male,2,Business,6,7,7.0,2.0,6.0,3.9,1.2,2.9,TikTok,3.4,4.8,1.1,83.4,51.3,2.47,51.7,1.0,0.8571428571428571,5.666666666666667,Moderate,0
745,22,Female,1,Computer Science,5,5,6.0,3.0,5.0,2.7,1.0,2.8,Both,2.8,5.4,2.0,69.0,66.6,2.82,71.5,2.0,0.8333333333333334,5.0,Moderate,0
746,20,Female,4,Science,8,9,5.1,1.0,4.0,5.5,2.1,4.4,TikTok,2.7,6.3,1.5,79.1,42.0,1.82,43.3,2.9000000000000004,1.5686274509803924,7.666666666666667,High,0
747,21,Female,1,Business,4,4,6.1,3.0,6.0,2.1,0.0,1.6,Instagram,3.6,6.9,4.0,86.8,77.0,3.15,79.9,1.9000000000000004,0.6557377049180328,4.0,Moderate,0
748,20,Male,2,Arts,5,4,7.8,1.0,6.0,3.8,1.5,3.3,Instagram,5.1,6.0,2.7,93.7,67.3,3.27,74.6,0.20000000000000018,0.6410256410256411,4.333333333333333,Moderate,0
749,20,Female,3,Science,6,5,3.0,2.0,3.0,2.6,1.4,2.4,TikTok,1.3,6.1,3.4,65.4,60.9,2.14,58.7,5.0,2.0,6.0,Moderate,0
750,19,Female,3,Science,6,7,6.4,2.0,3.0,3.2,1.0,2.9,Both,2.2,5.8,2.0,75.1,58.3,2.51,60.7,1.5999999999999996,0.9375,6.666666666666667,Moderate,0
751,19,Male,2,Science,6,7,6.3,2.0,4.0,5.2,0.6,3.5,Instagram,1.7,4.5,2.2,71.6,53.1,2.18,56.5,1.7000000000000002,0.9523809523809524,6.333333333333333,High,0
752,19,Female,2,Business,6,6,4.4,2.0,3.0,3.4,1.0,2.2,Both,2.0,7.5,0.8,86.6,57.9,2.22,58.5,3.5999999999999996,1.3636363636363635,6.333333333333333,Moderate,0
753,19,Female,2,Computer Science,7,5,6.6,2.0,5.0,3.7,2.6,3.1,Both,3.7,6.5,4.1,74.2,60.0,2.52,62.3,1.4000000000000004,1.0606060606060606,5.666666666666667,Moderate,0
754,23,Male,1,Engineering,3,3,7.3,4.0,5.0,2.8,1.4,1.2,Instagram,4.1,4.5,5.4,81.9,91.8,3.64,88.2,0.7000000000000002,0.4109589041095891,3.6666666666666665,Moderate,0
755,19,Male,1,Other,4,3,7.1,2.0,6.0,4.1,1.9,2.6,Both,4.8,7.3,3.1,82.0,59.0,3.21,63.2,0.9000000000000004,0.5633802816901409,3.6666666666666665,Moderate,0
756,25,Female,2,Arts,6,5,3.8,1.0,3.0,4.2,1.4,2.5,TikTok,4.3,5.8,0.4,71.7,42.9,1.53,37.6,4.2,1.5789473684210527,6.0,Moderate,0
757,22,Male,1,Computer Science,3,2,8.2,4.0,9.0,5.3,1.7,2.8,Both,4.1,6.1,3.5,100.0,91.6,3.0,87.5,-0.1999999999999993,0.3658536585365854,2.0,High,0
758,21,Other,1,Business,7,6,5.8,2.0,4.0,2.0,1.1,3.4,Both,1.2,5.6,2.4,75.2,54.6,1.97,54.4,2.2,1.206896551724138,6.333333333333333,Low,0
759,20,Female,3,Computer Science,8,9,6.8,3.0,5.0,5.1,2.8,5.0,Both,5.0,5.2,1.5,85.3,52.6,2.48,58.0,1.2000000000000002,1.1764705882352942,7.333333333333333,High,0
760,22,Female,4,Engineering,4,4,6.8,2.0,7.0,4.2,0.6,2.5,TikTok,3.5,8.5,6.1,86.0,63.8,3.04,84.2,1.2000000000000002,0.5882352941176471,3.6666666666666665,Moderate,0
761,20,Female,3,Computer Science,6,5,5.1,2.0,4.0,2.9,1.1,4.1,TikTok,4.8,4.5,4.3,76.2,67.0,2.81,66.0,2.9000000000000004,1.1764705882352942,5.666666666666667,Moderate,0
762,21,Male,1,Engineering,3,2,7.4,4.0,6.0,3.0,0.0,2.9,Instagram,1.5,6.3,1.6,78.8,68.7,2.83,70.3,0.5999999999999996,0.4054054054054054,3.0,Moderate,0
763,25,Female,1,Computer Science,3,4,6.5,3.0,6.0,4.4,1.9,2.2,Instagram,3.2,6.8,2.1,95.7,73.8,2.77,77.7,1.5,0.46153846153846156,3.6666666666666665,Moderate,0
764,21,Female,4,Other,7,8,3.6,1.0,2.0,3.6,1.1,2.3,Both,4.9,6.8,2.4,78.4,42.9,2.49,53.6,4.4,1.9444444444444444,7.666666666666667,Moderate,1
765,23,Male,1,Science,3,3,8.1,4.0,8.0,4.6,1.6,3.3,Both,3.3,5.9,2.8,96.1,63.8,2.41,69.1,-0.09999999999999964,0.3703703703703704,2.6666666666666665,Moderate,0
766,20,Female,1,Engineering,7,6,5.7,1.0,4.0,2.0,1.5,5.0,TikTok,1.5,4.8,2.8,79.4,56.3,2.29,57.7,2.3,1.2280701754385965,6.333333333333333,Low,0
767,21,Female,2,Computer Science,7,7,5.5,2.0,4.0,5.5,1.4,4.2,Instagram,5.3,5.4,2.0,71.9,42.0,2.22,51.3,2.5,1.2727272727272727,6.666666666666667,High,0
768,24,Male,3,Engineering,6,8,5.9,2.0,6.0,0.7,0.2,3.2,Instagram,2.1,4.8,2.6,78.3,71.1,1.94,57.0,2.0999999999999996,1.0169491525423728,6.0,Low,0
769,20,Male,3,Computer Science,6,5,6.4,2.0,5.0,5.1,1.4,2.5,TikTok,3.4,7.7,3.9,85.9,75.0,2.41,66.2,1.5999999999999996,0.9375,5.333333333333333,High,0
770,24,Female,1,Engineering,4,4,6.8,2.0,7.0,4.4,1.4,1.6,Instagram,4.7,6.3,2.8,91.6,87.7,3.72,87.8,1.2000000000000002,0.5882352941176471,3.6666666666666665,Moderate,0
771,22,Male,1,Engineering,5,7,6.3,3.0,7.0,4.9,1.9,3.6,Instagram,6.3,9.3,3.4,87.0,81.2,2.54,80.8,1.7000000000000002,0.7936507936507937,5.0,Moderate,0
772,20,Male,4,Other,6,6,4.3,2.0,3.0,5.5,1.2,3.9,Both,3.0,6.7,0.8,86.6,55.1,2.16,53.6,3.7,1.3953488372093024,6.333333333333333,High,0
773,22,Male,1,Arts,6,8,5.9,2.0,6.0,4.2,0.4,4.1,Instagram,2.7,2.6,2.4,80.6,58.7,2.64,63.9,2.0999999999999996,1.0169491525423728,6.0,Moderate,0
774,23,Male,3,Computer Science,7,7,6.2,1.0,4.0,7.5,4.1,3.8,TikTok,2.6,6.9,1.7,84.1,42.4,1.77,40.0,1.7999999999999998,1.129032258064516,6.666666666666667,High,0
775,22,Female,3,Science,2,1,8.3,5.0,9.0,4.9,2.7,1.6,TikTok,4.0,6.6,6.5,93.6,93.1,3.91,97.3,-0.3000000000000007,0.24096385542168672,1.3333333333333333,Moderate,0
776,18,Female,3,Arts,5,5,5.8,2.0,5.0,4.0,1.9,1.9,Instagram,4.4,5.0,3.7,78.2,64.4,3.08,71.9,2.2,0.8620689655172414,5.0,Moderate,0
777,20,Male,2,Business,4,3,7.5,3.0,7.0,3.9,0.5,2.5,Both,5.1,8.3,3.9,93.7,82.1,3.02,78.9,0.5,0.5333333333333333,3.3333333333333335,Moderate,0
778,21,Female,1,Business,4,2,6.7,3.0,6.0,4.0,1.0,2.5,Both,4.6,6.1,3.8,89.8,76.1,3.4,82.3,1.2999999999999998,0.5970149253731343,3.3333333333333335,Moderate,0
779,21,Female,2,Arts,5,5,5.9,3.0,5.0,3.8,1.0,1.8,TikTok,2.6,5.6,2.8,79.5,53.4,2.36,63.2,2.0999999999999996,0.847457627118644,5.0,Moderate,0
780,22,Female,4,Business,6,7,5.7,1.0,6.0,4.4,2.0,2.3,TikTok,5.1,7.2,4.1,73.5,74.7,2.8,85.4,2.3,1.0526315789473684,5.666666666666667,Moderate,0
781,21,Male,4,Science,7,6,5.7,1.0,5.0,3.5,1.4,3.3,TikTok,3.8,7.6,1.8,82.2,63.9,2.28,61.8,2.3,1.2280701754385965,6.0,Moderate,0
782,19,Male,1,Science,5,4,6.3,4.0,5.0,1.3,0.3,1.0,TikTok,4.6,7.1,4.3,78.8,85.9,3.24,83.6,1.7000000000000002,0.7936507936507937,4.666666666666667,Low,0
783,22,Other,1,Computer Science,4,5,8.2,4.0,7.0,4.5,1.2,4.2,Both,4.3,6.2,5.1,93.3,76.6,3.3,63.2,-0.1999999999999993,0.48780487804878053,4.0,Moderate,0
784,22,Female,4,Engineering,6,6,6.4,1.0,6.0,5.2,2.9,3.7,TikTok,5.4,5.7,1.9,73.8,60.1,2.73,62.7,1.5999999999999996,0.9375,5.333333333333333,High,0
785,22,Male,3,Arts,7,8,7.5,3.0,5.0,4.4,2.2,3.5,Instagram,3.3,7.4,3.2,73.9,56.1,2.7,60.4,0.5,0.9333333333333333,6.666666666666667,Moderate,0
786,23,Male,4,Engineering,4,2,5.0,2.0,5.0,2.4,1.9,1.4,Instagram,3.3,6.7,3.6,81.7,84.7,2.27,72.1,3.0,0.8,3.6666666666666665,Moderate,0
787,22,Female,1,Arts,4,3,6.3,2.0,6.0,4.7,2.1,2.9,Instagram,4.0,6.3,1.9,87.2,64.6,3.1,74.9,1.7000000000000002,0.6349206349206349,3.6666666666666665,Moderate,0
788,22,Other,2,Arts,5,5,5.7,2.0,6.0,2.3,1.3,2.4,Both,5.1,6.3,1.2,82.4,53.9,2.09,57.1,2.3,0.8771929824561403,4.666666666666667,Moderate,0
789,21,Female,3,Engineering,7,8,6.5,2.0,4.0,2.0,0.0,2.6,Instagram,3.5,7.5,1.6,73.7,49.5,2.74,55.0,1.5,1.0769230769230769,7.0,Low,0
790,18,Female,3,Engineering,4,3,6.3,3.0,7.0,4.8,1.5,2.2,TikTok,3.4,6.5,3.0,90.3,71.3,2.73,69.2,1.7000000000000002,0.6349206349206349,3.3333333333333335,Moderate,0
791,22,Male,2,Engineering,6,5,7.3,2.0,5.0,3.7,1.2,2.5,Both,4.4,7.8,2.8,82.9,72.0,2.67,70.2,0.7000000000000002,0.8219178082191781,5.333333333333333,Moderate,0
792,21,Female,1,Business,7,7,5.6,2.0,4.0,4.2,1.8,3.5,Instagram,2.9,5.4,1.7,75.8,40.2,2.21,51.0,2.4000000000000004,1.25,6.666666666666667,Moderate,0
793,21,Female,2,Computer Science,5,6,6.4,3.0,4.0,3.5,1.8,3.3,Both,3.9,7.1,5.0,80.6,87.8,2.85,80.5,1.5999999999999996,0.78125,5.666666666666667,Moderate,0
794,19,Male,1,Engineering,6,5,7.2,3.0,6.0,1.9,0.0,1.5,TikTok,3.2,6.7,2.8,75.9,74.6,2.29,62.1,0.7999999999999998,0.8333333333333333,5.0,Low,0
795,19,Female,2,Arts,6,6,4.0,1.0,4.0,3.9,1.8,1.0,Instagram,3.8,5.6,2.7,81.1,68.7,2.25,63.6,4.0,1.5,6.0,Moderate,0
796,23,Other,4,Science,6,7,8.4,3.0,6.0,5.5,2.1,3.5,Both,2.0,5.6,2.9,78.0,79.7,2.76,75.0,-0.40000000000000036,0.7142857142857143,5.666666666666667,High,0
797,21,Male,2,Business,6,5,6.1,3.0,5.0,3.6,1.6,2.3,Both,3.5,3.7,2.7,89.4,62.1,2.91,69.0,1.9000000000000004,0.9836065573770493,5.333333333333333,Moderate,0
798,22,Female,4,Computer Science,10,10,6.3,1.0,1.0,5.3,2.9,5.7,TikTok,4.6,5.0,2.1,60.2,63.8,1.41,37.4,1.7000000000000002,1.5873015873015874,9.666666666666666,High,0
799,21,Male,1,Science,7,7,6.8,3.0,6.0,4.5,1.8,1.6,Instagram,4.5,4.9,3.6,81.0,61.1,2.81,62.9,1.2000000000000002,1.0294117647058825,6.0,Moderate,0
800,21,Female,3,Business,6,7,6.2,2.0,7.0,3.9,0.9,0.9,Instagram,4.4,9.3,3.9,79.9,65.1,2.72,73.0,1.7999999999999998,0.9677419354838709,5.333333333333333,Moderate,0
801,23,Female,4,Engineering,6,7,6.0,1.0,4.0,3.9,1.5,3.8,Both,3.9,4.3,2.3,77.7,71.3,2.41,68.7,2.0,1.0,6.333333333333333,Moderate,0
802,20,Female,1,Engineering,7,8,6.3,3.0,6.0,1.9,1.4,2.9,Both,3.7,9.4,2.1,84.4,53.9,2.69,61.1,1.7000000000000002,1.1111111111111112,6.333333333333333,Low,0
803,21,Female,1,Engineering,3,2,7.5,5.0,8.0,3.0,0.6,0.7,Instagram,2.0,7.0,2.2,91.4,72.8,2.63,68.8,0.5,0.4,2.3333333333333335,Moderate,0
804,20,Male,2,Engineering,5,6,6.6,5.0,7.0,4.4,2.0,1.2,Instagram,3.2,5.9,3.7,84.9,64.8,2.86,76.2,1.4000000000000004,0.7575757575757576,4.666666666666667,Moderate,0
805,20,Other,1,Arts,6,7,7.1,2.0,6.0,6.9,2.1,5.1,Both,3.4,6.7,0.8,73.4,48.5,2.54,56.7,0.9000000000000004,0.8450704225352114,5.666666666666667,High,0
806,20,Female,3,Science,9,10,6.0,1.0,3.0,8.4,2.9,4.4,TikTok,2.0,4.8,2.8,62.6,43.4,2.18,49.1,2.0,1.5,8.666666666666666,High,0
807,21,Male,4,Business,4,4,7.9,2.0,8.0,6.0,2.8,0.2,Instagram,1.4,4.6,3.6,76.4,85.9,2.58,71.3,0.09999999999999964,0.5063291139240506,3.3333333333333335,High,0
808,20,Female,2,Engineering,5,5,4.7,1.0,4.0,3.5,1.8,3.0,Both,4.7,6.6,2.6,76.9,65.6,2.32,60.6,3.3,1.0638297872340425,5.333333333333333,Moderate,0
809,23,Female,1,Science,7,5,7.0,2.0,5.0,3.2,1.4,4.1,Both,3.5,6.8,3.6,91.9,72.9,2.57,62.3,1.0,1.0,5.666666666666667,Moderate,0
810,19,Male,2,Arts,7,9,6.3,2.0,4.0,2.7,2.1,2.2,TikTok,3.8,8.0,4.0,76.7,52.5,2.86,64.7,1.7000000000000002,1.1111111111111112,7.333333333333333,Moderate,0
811,21,Female,3,Other,6,5,7.0,3.0,5.0,3.2,1.2,2.4,Both,4.2,7.1,3.8,94.9,70.8,2.73,73.7,1.0,0.8571428571428571,5.333333333333333,Moderate,0
812,20,Other,1,Engineering,5,5,5.6,3.0,4.0,1.9,1.2,3.0,Both,1.7,5.1,1.7,77.4,55.8,2.29,61.1,2.4000000000000004,0.8928571428571429,5.333333333333333,Low,0
813,23,Male,2,Computer Science,9,8,6.3,1.0,1.0,4.9,1.8,3.1,Both,2.2,7.5,1.5,68.5,47.3,2.06,47.2,1.7000000000000002,1.4285714285714286,8.666666666666666,Moderate,0
814,21,Other,3,Business,4,5,6.3,3.0,8.0,2.7,1.5,1.6,Instagram,5.4,8.4,2.4,88.8,85.1,2.54,66.8,1.7000000000000002,0.6349206349206349,3.6666666666666665,Moderate,0
815,23,Male,3,Business,9,10,6.6,1.0,2.0,4.4,2.3,4.7,Both,2.5,5.9,1.2,70.4,28.2,2.54,45.4,1.4000000000000004,1.3636363636363638,9.0,Moderate,0
816,18,Male,1,Business,3,3,8.0,4.0,8.0,2.5,0.0,0.5,Instagram,3.1,8.1,4.5,90.1,87.1,2.85,83.0,0.0,0.375,2.6666666666666665,Moderate,0
817,21,Male,3,Engineering,6,4,4.8,1.0,3.0,2.6,0.2,2.3,Both,2.8,8.8,1.3,63.5,67.5,1.94,51.5,3.2,1.25,5.666666666666667,Moderate,0
818,23,Female,1,Engineering,6,5,8.1,3.0,5.0,3.6,1.6,3.8,Instagram,2.2,5.1,2.4,75.9,60.0,2.17,55.6,-0.09999999999999964,0.7407407407407408,5.333333333333333,Moderate,0
819,21,Female,1,Business,3,4,9.3,3.0,9.0,4.9,2.0,1.6,Instagram,4.8,5.8,3.0,82.3,79.0,3.27,81.8,-1.3000000000000007,0.3225806451612903,2.6666666666666665,Moderate,0
820,23,Male,4,Science,5,5,5.6,1.0,5.0,2.7,1.5,1.4,Instagram,0.4,5.1,3.8,81.0,74.8,2.54,69.0,2.4000000000000004,0.8928571428571429,5.0,Moderate,0
821,20,Male,3,Computer Science,6,6,4.6,1.0,4.0,5.1,0.7,3.8,Both,2.9,4.3,1.8,65.5,37.2,2.08,39.3,3.4000000000000004,1.3043478260869565,6.0,High,0
822,23,Female,1,Science,5,4,6.4,2.0,7.0,2.0,0.6,2.9,Both,3.5,6.8,0.3,90.2,55.5,2.04,50.4,1.5999999999999996,0.78125,4.0,Low,0
823,25,Male,1,Engineering,6,4,7.0,3.0,6.0,3.6,1.0,2.4,Instagram,5.6,4.9,4.6,84.8,63.8,2.62,64.6,1.0,0.8571428571428571,4.666666666666667,Moderate,0
824,20,Female,1,Arts,5,6,7.2,3.0,7.0,3.9,1.6,4.4,Both,1.6,7.0,3.9,87.3,89.2,3.29,78.8,0.7999999999999998,0.6944444444444444,4.666666666666667,Moderate,0
825,20,Female,1,Science,9,8,5.9,1.0,2.0,5.9,2.7,4.5,Instagram,1.4,4.6,0.0,65.3,36.5,1.53,41.2,2.0999999999999996,1.5254237288135593,8.333333333333334,High,0
826,23,Female,1,Business,4,4,8.5,5.0,6.0,3.4,0.0,2.6,Both,2.2,7.6,4.4,79.5,75.7,3.06,81.5,-0.5,0.47058823529411764,4.0,Moderate,0
827,24,Other,1,Arts,6,5,5.7,1.0,5.0,3.9,1.0,1.6,Instagram,4.4,3.7,4.2,76.0,75.0,3.18,77.6,2.3,1.0526315789473684,5.333333333333333,Moderate,0
828,20,Male,2,Computer Science,6,7,4.4,2.0,4.0,1.5,0.1,2.9,Instagram,3.9,6.2,2.1,81.7,59.5,2.11,58.3,3.5999999999999996,1.3636363636363635,6.333333333333333,Low,0
829,20,Other,3,Computer Science,7,8,7.3,2.0,4.0,3.5,1.4,4.0,Instagram,1.0,3.8,2.8,79.5,69.5,2.12,55.3,0.7000000000000002,0.9589041095890412,7.0,Moderate,0
830,21,Female,3,Arts,8,8,3.6,1.0,3.0,5.2,2.2,2.8,Instagram,3.6,7.9,1.2,71.9,58.0,1.55,46.8,4.4,2.2222222222222223,7.666666666666667,High,1
831,19,Female,3,Arts,6,7,5.8,2.0,6.0,5.6,1.7,3.7,Both,5.7,8.6,3.1,71.2,58.2,2.37,56.8,2.2,1.0344827586206897,5.666666666666667,High,0
832,19,Male,1,Other,3,2,9.9,5.0,9.0,3.6,1.6,0.9,Instagram,3.9,4.0,5.6,87.5,100.0,3.43,93.5,-1.9000000000000004,0.30303030303030304,2.0,Moderate,0
833,19,Female,4,Science,6,6,6.3,2.0,3.0,4.7,3.2,3.3,Instagram,3.1,7.1,1.3,67.4,67.2,1.97,47.9,1.7000000000000002,0.9523809523809524,6.333333333333333,Moderate,0
834,20,Male,4,Engineering,5,4,4.6,2.0,4.0,2.5,0.6,2.3,Instagram,4.2,7.8,1.9,76.8,51.8,2.99,63.4,3.4000000000000004,1.0869565217391306,5.0,Moderate,0
835,21,Male,3,Science,4,5,6.1,3.0,8.0,5.7,0.8,2.0,Instagram,4.2,7.0,3.3,81.4,66.0,2.52,66.5,1.9000000000000004,0.6557377049180328,3.6666666666666665,High,0
836,21,Male,4,Engineering,7,8,5.8,1.0,5.0,7.5,3.3,2.8,Both,1.7,6.5,2.8,73.0,59.3,1.85,53.0,2.2,1.206896551724138,6.666666666666667,High,0
837,24,Female,4,Arts,7,8,6.3,3.0,4.0,3.8,1.5,2.9,TikTok,3.1,7.1,3.2,69.4,60.1,2.54,64.7,1.7000000000000002,1.1111111111111112,7.0,Moderate,0
838,19,Female,2,Arts,6,6,7.0,2.0,6.0,6.2,2.3,3.6,Instagram,2.9,7.0,2.5,72.1,74.9,2.48,65.7,1.0,0.8571428571428571,5.333333333333333,High,0
839,23,Female,1,Business,9,10,5.7,1.0,3.0,3.9,2.1,3.9,TikTok,2.2,4.4,0.6,70.3,34.7,1.84,31.0,2.3,1.5789473684210527,8.666666666666666,Moderate,0
840,21,Female,3,Engineering,5,4,8.0,4.0,8.0,3.6,0.1,3.5,Instagram,4.3,7.7,4.4,88.8,79.8,2.97,80.6,0.0,0.625,3.6666666666666665,Moderate,0
841,21,Male,3,Arts,4,3,6.4,4.0,5.0,1.0,0.0,2.1,Both,2.9,6.5,2.0,74.9,58.2,2.32,60.7,1.5999999999999996,0.625,4.0,Low,0
842,22,Female,3,Science,6,6,7.0,3.0,5.0,3.5,0.6,2.4,Both,3.1,6.4,2.5,83.1,63.5,2.54,74.8,1.0,0.8571428571428571,5.666666666666667,Moderate,0
843,19,Male,2,Arts,8,7,5.5,1.0,4.0,6.0,2.3,4.4,Both,1.6,6.1,1.8,77.1,66.7,1.49,50.8,2.5,1.4545454545454546,7.0,High,0
844,22,Female,1,Business,6,7,6.3,2.0,5.0,5.0,2.9,2.9,Both,3.3,4.7,3.6,67.7,83.0,2.93,79.0,1.7000000000000002,0.9523809523809524,6.0,Moderate,0
845,21,Female,2,Science,4,4,6.1,2.0,6.0,4.8,1.6,2.7,Both,5.1,4.8,2.7,94.4,71.8,2.97,81.3,1.9000000000000004,0.6557377049180328,4.0,Moderate,0
846,22,Female,4,Engineering,3,2,6.3,1.0,7.0,2.9,1.0,1.8,TikTok,2.8,6.2,4.5,88.9,85.3,2.54,77.7,1.7000000000000002,0.4761904761904762,2.6666666666666665,Moderate,0
847,21,Female,2,Engineering,7,6,5.4,1.0,5.0,3.9,2.7,2.3,TikTok,4.5,8.5,3.6,81.8,66.3,2.41,64.6,2.5999999999999996,1.2962962962962963,6.0,Moderate,0
848,25,Male,2,Computer Science,6,7,5.6,1.0,5.0,2.9,1.0,2.0,TikTok,3.0,4.9,1.9,70.1,53.8,1.9,54.6,2.4000000000000004,1.0714285714285714,6.0,Moderate,0
849,20,Female,1,Computer Science,8,6,7.3,3.0,4.0,4.9,1.5,3.6,Instagram,0.0,6.3,2.7,78.6,73.0,2.62,69.7,0.7000000000000002,1.095890410958904,6.666666666666667,Moderate,0
850,20,Female,2,Arts,5,4,5.8,4.0,5.0,2.1,1.0,2.3,TikTok,3.5,5.5,3.1,85.7,76.6,2.5,69.1,2.2,0.8620689655172414,4.666666666666667,Moderate,0
851,20,Male,4,Engineering,8,9,4.9,1.0,2.0,3.0,1.7,3.3,Both,3.2,5.0,1.6,66.8,49.1,2.34,49.0,3.0999999999999996,1.6326530612244896,8.333333333333334,Moderate,1
852,20,Male,3,Science,8,8,5.4,1.0,4.0,6.7,2.8,2.4,Instagram,3.5,7.0,0.0,77.5,39.2,1.79,47.5,2.5999999999999996,1.4814814814814814,7.333333333333333,High,0
853,20,Female,3,Arts,5,6,6.8,2.0,7.0,0.9,1.1,3.0,Instagram,3.6,7.1,3.5,81.3,69.2,2.67,71.5,1.2000000000000002,0.7352941176470589,4.666666666666667,Low,0
854,23,Female,2,Computer Science,6,6,5.9,1.0,5.0,14.8,0.4,1.9,Instagram,2.4,5.2,3.1,72.7,65.9,2.59,69.7,2.0999999999999996,1.0169491525423728,5.666666666666667,High,0
855,23,Male,3,Engineering,6,6,6.2,1.0,7.0,3.6,1.3,2.9,Instagram,5.7,8.5,3.9,79.4,68.1,3.13,73.6,1.7999999999999998,0.9677419354838709,5.0,Moderate,0
856,20,Male,1,Engineering,5,3,6.6,3.0,7.0,3.5,0.6,0.9,Instagram,3.6,7.2,2.7,82.7,74.5,2.54,69.0,1.4000000000000004,0.7575757575757576,3.6666666666666665,Moderate,0
857,20,Female,3,Arts,10,9,4.0,1.0,2.0,6.2,4.2,5.1,Both,3.0,5.3,0.2,62.6,36.2,1.14,31.9,4.0,2.5,9.0,High,1
858,22,Female,2,Science,7,6,4.9,1.0,4.0,3.5,2.2,1.6,TikTok,4.3,7.2,1.2,79.5,41.0,2.54,45.1,3.0999999999999996,1.4285714285714284,6.333333333333333,Moderate,0
859,20,Male,2,Engineering,2,2,6.7,3.0,7.0,4.5,0.7,1.4,TikTok,3.7,9.1,0.5,90.8,55.2,2.54,57.8,1.2999999999999998,0.29850746268656714,2.3333333333333335,Moderate,0
860,22,Male,3,Engineering,6,7,5.4,2.0,7.0,4.0,0.3,4.0,Both,7.2,7.8,1.9,84.1,64.4,2.67,70.9,2.5999999999999996,1.111111111111111,5.333333333333333,Moderate,0
861,21,Male,4,Business,2,1,7.1,4.0,8.0,2.1,0.0,1.9,Instagram,3.4,5.6,7.1,89.8,89.9,3.51,88.2,0.9000000000000004,0.28169014084507044,1.6666666666666667,Moderate,0
862,18,Male,1,Computer Science,3,3,7.5,4.0,8.0,0.6,0.1,0.5,Instagram,4.2,6.9,5.2,77.9,83.2,3.61,84.1,0.5,0.4,2.6666666666666665,Low,0
863,24,Male,4,Other,5,5,6.9,3.0,7.0,4.0,1.2,2.6,Instagram,2.8,6.3,2.2,77.8,60.1,2.54,54.7,1.0999999999999996,0.7246376811594203,4.333333333333333,Moderate,0
864,24,Female,1,Business,3,3,8.9,4.0,9.0,4.6,1.9,1.8,TikTok,4.8,7.6,3.5,86.9,70.8,2.54,81.9,-0.9000000000000004,0.33707865168539325,2.3333333333333335,Moderate,0
865,20,Female,2,Business,4,3,6.2,2.0,5.0,4.1,2.3,1.9,Instagram,3.9,6.8,2.6,94.5,70.8,2.05,62.8,1.7999999999999998,0.6451612903225806,4.0,Moderate,0
866,20,Female,1,Engineering,3,5,7.3,3.0,7.0,1.5,1.2,1.3,Instagram,3.0,8.7,5.2,87.6,63.8,2.95,74.9,0.7000000000000002,0.4109589041095891,3.6666666666666665,Low,0
867,21,Male,2,Business,7,8,5.8,1.0,5.0,2.7,0.5,4.6,Both,2.6,5.4,4.5,79.5,62.7,2.48,67.4,2.2,1.206896551724138,6.666666666666667,Moderate,0
868,22,Female,2,Science,5,5,9.2,5.0,8.0,5.6,2.3,3.9,Instagram,1.1,3.3,3.6,81.4,91.0,3.46,83.7,-1.1999999999999993,0.5434782608695653,4.0,High,0
869,22,Female,1,Business,3,3,8.9,4.0,10.0,5.1,1.6,1.6,Instagram,3.6,6.8,4.4,90.4,66.8,3.17,76.2,-0.9000000000000004,0.33707865168539325,2.0,High,0
870,24,Other,2,Science,8,7,6.7,2.0,4.0,5.0,2.6,4.1,Instagram,1.7,5.0,0.0,78.4,50.9,2.18,55.6,1.2999999999999998,1.1940298507462686,7.0,Moderate,0
871,21,Female,4,Engineering,5,5,6.3,1.0,6.0,3.1,1.3,3.6,Instagram,5.4,4.7,3.0,70.9,61.5,3.35,77.5,1.7000000000000002,0.7936507936507937,4.666666666666667,Moderate,0
872,20,Male,1,Engineering,6,6,8.1,4.0,5.0,4.8,1.5,2.3,Instagram,1.4,6.3,3.4,82.3,59.2,2.81,58.4,-0.09999999999999964,0.7407407407407408,5.666666666666667,Moderate,0
873,19,Female,3,Science,5,5,6.3,3.0,5.0,1.2,0.0,2.3,Instagram,3.0,6.3,2.9,76.0,82.2,2.54,79.4,1.7000000000000002,0.7936507936507937,5.0,Low,0
874,20,Male,2,Engineering,7,5,5.6,3.0,3.0,2.0,1.0,3.0,Both,3.4,7.3,2.7,76.7,75.1,2.08,61.9,2.4000000000000004,1.25,6.333333333333333,Low,0
875,21,Female,3,Engineering,6,6,7.1,2.0,6.0,4.9,2.5,3.4,Both,3.3,4.3,0.7,85.6,48.8,2.53,55.6,0.9000000000000004,0.8450704225352114,5.333333333333333,Moderate,0
876,24,Male,1,Other,6,6,7.0,3.0,7.0,4.7,0.5,0.5,Instagram,3.4,7.2,2.5,75.8,71.7,2.89,74.9,1.0,0.8571428571428571,5.0,Moderate,0
877,20,Male,1,Business,6,7,6.8,2.0,6.0,4.7,0.4,3.7,TikTok,4.3,8.9,1.3,71.7,59.6,2.46,64.0,1.2000000000000002,0.8823529411764706,5.666666666666667,Moderate,0
878,21,Female,1,Business,9,8,6.3,1.0,3.0,3.4,1.4,3.0,Both,1.0,5.4,2.5,66.7,63.1,1.91,47.7,1.7000000000000002,1.4285714285714286,8.0,Moderate,0
879,21,Male,1,Computer Science,7,5,4.8,1.0,4.0,2.7,0.6,4.9,TikTok,1.9,5.1,0.8,79.9,46.0,1.96,43.1,3.2,1.4583333333333335,6.0,Moderate,1
880,23,Female,1,Other,8,9,7.1,2.0,7.0,8.4,1.4,5.9,TikTok,4.0,6.6,2.8,82.3,48.8,1.47,46.4,0.9000000000000004,1.1267605633802817,6.666666666666667,High,0
881,25,Male,3,Business,3,3,7.5,3.0,7.0,2.3,0.5,1.0,Instagram,4.7,7.6,2.0,86.5,80.2,3.17,81.4,0.5,0.4,3.0,Moderate,0
882,20,Female,4,Computer Science,10,8,5.6,1.0,1.0,5.5,1.2,4.2,Both,0.0,6.8,2.1,61.1,63.8,1.45,45.2,2.4000000000000004,1.7857142857142858,9.0,High,0
883,20,Female,3,Science,3,1,7.7,3.0,8.0,3.9,0.3,1.8,Instagram,4.1,6.4,2.9,85.2,75.7,2.94,71.1,0.2999999999999998,0.38961038961038963,2.0,Moderate,0
884,23,Female,3,Science,5,4,5.5,1.0,6.0,5.8,2.0,1.5,Instagram,1.9,7.0,2.8,69.1,56.1,2.82,65.6,2.5,0.9090909090909091,4.333333333333333,High,0
885,22,Male,1,Science,8,8,5.6,1.0,5.0,5.0,2.9,1.9,TikTok,2.8,7.2,3.8,77.4,55.0,2.66,65.6,2.4000000000000004,1.4285714285714286,7.0,Moderate,0
886,24,Male,1,Arts,5,6,6.8,3.0,7.0,3.6,1.6,2.6,TikTok,3.3,5.9,3.4,88.2,56.3,2.31,65.1,1.2000000000000002,0.7352941176470589,4.666666666666667,Moderate,0
887,22,Male,2,Arts,4,3,6.4,3.0,7.0,1.8,0.3,1.8,TikTok,5.8,6.9,2.7,83.0,74.2,2.56,67.4,1.5999999999999996,0.625,3.3333333333333335,Low,0
888,20,Male,1,Science,5,6,7.4,2.0,6.0,5.7,2.3,2.8,Both,1.8,5.8,1.8,78.5,63.9,2.64,68.2,0.5999999999999996,0.6756756756756757,5.0,High,0
889,22,Female,2,Engineering,7,5,5.6,3.0,3.0,1.6,0.9,3.6,Instagram,1.6,4.1,2.8,68.7,59.3,1.72,56.8,2.4000000000000004,1.25,6.333333333333333,Low,0
890,23,Other,2,Arts,7,8,8.1,2.0,5.0,5.1,2.7,3.6,TikTok,3.9,5.7,2.7,78.2,62.4,2.97,63.8,-0.09999999999999964,0.8641975308641976,6.666666666666667,High,0
891,22,Female,2,Engineering,6,8,8.6,4.0,6.0,6.8,2.5,2.8,Both,3.1,8.0,3.9,79.0,64.4,2.96,76.0,-0.5999999999999996,0.6976744186046512,6.0,High,0
892,22,Female,2,Business,5,5,6.4,3.0,6.0,3.2,0.0,3.6,Both,4.9,7.7,0.2,81.6,54.8,2.63,61.5,1.5999999999999996,0.78125,4.666666666666667,Moderate,0
893,23,Female,4,Arts,5,4,7.4,3.0,5.0,4.7,1.1,3.9,Instagram,2.7,5.1,4.5,87.8,81.8,2.79,75.4,0.5999999999999996,0.6756756756756757,4.666666666666667,Moderate,0
894,23,Female,3,Arts,1,2,5.1,2.0,8.0,2.9,2.2,0.7,Instagram,5.1,7.1,1.9,92.7,64.6,2.68,64.0,2.9000000000000004,0.19607843137254904,1.6666666666666667,Moderate,0
895,23,Male,2,Computer Science,3,3,7.7,4.0,8.0,2.4,1.0,2.5,TikTok,3.7,7.5,3.2,83.2,76.1,3.36,79.1,0.2999999999999998,0.38961038961038963,2.6666666666666665,Moderate,0
896,22,Other,4,Computer Science,5,5,7.1,4.0,5.0,4.9,1.4,3.9,TikTok,4.0,6.7,4.7,84.3,72.5,2.98,71.1,0.9000000000000004,0.7042253521126761,5.0,Moderate,0
897,21,Female,4,Business,4,3,6.8,2.0,7.0,3.5,1.4,2.4,TikTok,6.0,7.9,1.0,91.0,59.5,2.24,54.3,1.2000000000000002,0.5882352941176471,3.3333333333333335,Moderate,0
898,21,Female,2,Arts,6,6,6.4,3.0,5.0,1.5,0.2,4.0,Instagram,2.9,6.5,2.8,72.3,63.8,2.58,60.4,1.5999999999999996,0.9375,5.666666666666667,Low,0
899,23,Male,2,Arts,10,9,3.3,1.0,3.0,5.0,1.9,3.1,Both,3.4,6.7,0.6,65.4,31.6,0.97,31.5,4.7,3.0303030303030303,8.666666666666666,Moderate,1
900,20,Male,2,Engineering,8,9,6.3,1.0,5.0,5.4,3.5,3.8,Both,2.4,5.6,1.9,79.8,63.4,2.4,57.9,1.7000000000000002,1.2698412698412698,7.333333333333333,High,0
901,22,Female,4,Engineering,3,3,5.3,2.0,6.0,3.9,1.6,0.5,Instagram,4.3,5.5,3.9,82.0,71.6,3.03,71.4,2.7,0.5660377358490566,3.3333333333333335,Moderate,0
902,20,Female,4,Science,8,9,4.7,1.0,3.0,6.0,2.9,3.0,TikTok,1.8,6.6,2.0,56.2,63.8,1.65,43.0,3.3,1.702127659574468,8.0,High,1
903,21,Female,1,Business,8,8,6.8,2.0,2.0,3.9,2.4,5.7,Both,2.3,5.0,0.4,58.1,39.4,2.17,43.6,1.2000000000000002,1.1764705882352942,8.0,Moderate,0
904,23,Male,2,Arts,5,5,6.1,2.0,6.0,5.7,2.2,1.9,TikTok,2.0,4.1,3.0,80.9,65.2,2.89,69.9,1.9000000000000004,0.819672131147541,4.666666666666667,High,0
905,21,Other,2,Computer Science,7,8,5.5,2.0,5.0,7.2,2.9,2.4,Instagram,5.1,6.1,2.2,77.1,68.9,2.54,61.6,2.5,1.2727272727272727,6.666666666666667,High,0
906,21,Male,2,Engineering,7,7,5.2,2.0,2.0,4.3,1.9,2.6,Instagram,5.6,7.9,2.8,79.5,64.8,2.91,63.4,2.8,1.346153846153846,7.333333333333333,Moderate,0
907,19,Male,1,Engineering,8,8,5.7,2.0,3.0,3.1,1.5,3.4,TikTok,2.6,3.6,4.2,75.5,61.9,3.06,71.6,2.3,1.4035087719298245,7.666666666666667,Moderate,0
908,22,Male,4,Other,3,3,7.2,3.0,6.0,3.9,2.3,2.1,Both,2.4,4.9,5.3,76.5,63.8,3.42,81.5,0.7999999999999998,0.41666666666666663,3.3333333333333335,Moderate,0
909,22,Female,3,Engineering,8,8,5.5,1.0,3.0,4.3,2.5,3.4,Instagram,1.7,5.9,4.0,65.7,47.9,2.64,61.4,2.5,1.4545454545454546,7.666666666666667,Moderate,0
910,25,Other,4,Business,7,8,5.7,2.0,4.0,3.0,0.8,3.4,Both,4.0,7.9,2.8,78.5,51.7,2.72,60.0,2.3,1.2280701754385965,7.0,Moderate,0
911,20,Male,4,Business,9,10,5.3,1.0,3.0,2.2,1.2,3.8,TikTok,2.5,7.0,3.8,74.1,42.4,1.89,42.5,2.7,1.6981132075471699,8.666666666666666,Moderate,0
912,21,Female,3,Business,4,2,6.5,3.0,7.0,5.3,1.8,2.9,Instagram,2.6,8.1,2.5,80.9,72.8,2.73,70.1,1.5,0.6153846153846154,3.0,High,0
913,21,Male,2,Engineering,6,5,6.9,3.0,6.0,3.0,1.8,3.8,Instagram,5.7,6.9,2.3,73.1,70.9,2.4,69.3,1.0999999999999996,0.8695652173913043,5.0,Moderate,0
914,24,Other,3,Engineering,9,9,3.0,1.0,1.0,5.7,2.5,4.6,Instagram,2.8,5.4,0.3,66.5,31.9,1.14,36.5,5.0,3.0,9.0,High,1
915,21,Female,1,Engineering,5,5,7.8,4.0,6.0,2.3,0.1,2.9,Both,4.2,7.3,2.6,85.3,70.4,2.79,63.2,0.20000000000000018,0.6410256410256411,4.666666666666667,Moderate,0
916,21,Female,3,Business,5,5,7.7,3.0,6.0,5.5,2.7,3.0,Both,3.8,5.2,3.4,77.6,63.0,2.94,66.7,0.2999999999999998,0.6493506493506493,4.666666666666667,High,0
917,22,Male,1,Business,5,4,5.6,3.0,5.0,2.6,0.6,2.5,TikTok,1.6,4.7,2.8,64.4,48.7,2.0,49.6,2.4000000000000004,0.8928571428571429,4.666666666666667,Moderate,0
918,21,Other,3,Engineering,7,6,5.1,1.0,3.0,3.6,0.8,3.2,Both,1.2,4.2,2.6,75.3,56.9,2.22,55.8,2.9000000000000004,1.3725490196078431,6.666666666666667,Moderate,0
919,20,Female,1,Arts,6,5,6.1,3.0,5.0,3.5,0.6,4.5,Both,4.1,7.3,4.2,74.8,72.2,2.7,69.1,1.9000000000000004,0.9836065573770493,5.333333333333333,Moderate,0
920,21,Male,1,Computer Science,8,9,5.8,1.0,5.0,6.2,4.1,3.1,TikTok,5.4,5.7,0.3,76.6,55.8,2.27,55.4,2.2,1.3793103448275863,7.333333333333333,High,0
921,23,Female,1,Engineering,5,5,7.1,4.0,5.0,1.8,1.2,3.4,Both,3.9,7.4,1.6,84.0,76.5,2.54,69.8,0.9000000000000004,0.7042253521126761,5.0,Low,0
922,19,Male,1,Business,5,6,6.3,1.0,5.0,3.7,1.4,2.8,TikTok,4.1,6.6,0.0,69.6,44.7,2.54,47.1,1.7000000000000002,0.7936507936507937,5.333333333333333,Moderate,0
923,21,Female,3,Arts,8,7,4.9,1.0,4.0,4.9,2.0,2.5,TikTok,2.4,7.4,1.0,73.0,51.9,2.15,55.9,3.0999999999999996,1.6326530612244896,7.0,Moderate,1
924,20,Male,3,Engineering,6,8,7.8,3.0,6.0,2.9,2.0,1.3,Instagram,5.0,5.6,2.9,78.1,68.0,2.89,63.2,0.20000000000000018,0.7692307692307693,6.0,Moderate,0
925,23,Female,2,Science,7,6,5.5,2.0,6.0,2.4,1.0,1.7,TikTok,5.2,6.2,1.6,66.9,51.4,2.13,56.8,2.5,1.2727272727272727,5.666666666666667,Moderate,0
926,18,Female,1,Arts,4,5,7.8,4.0,7.0,4.1,1.9,1.8,Instagram,2.4,6.7,2.3,74.7,67.7,2.58,68.0,0.20000000000000018,0.5128205128205129,4.0,Moderate,0
927,20,Male,1,Computer Science,5,5,7.0,4.0,5.0,0.7,0.8,2.2,Both,4.1,6.0,3.1,79.5,67.7,2.54,60.3,1.0,0.7142857142857143,5.0,Low,0
928,22,Male,1,Computer Science,6,5,4.7,2.0,3.0,4.5,1.2,2.0,Both,0.7,2.7,1.8,82.8,54.2,1.69,46.4,3.3,1.276595744680851,6.0,Moderate,0
929,24,Male,1,Business,4,4,7.6,4.0,8.0,2.0,0.0,2.3,Instagram,4.3,4.9,2.4,87.0,81.9,2.32,73.9,0.40000000000000036,0.5263157894736842,3.3333333333333335,Low,0
930,21,Female,4,Arts,4,4,5.8,2.0,7.0,2.8,0.0,1.5,Instagram,3.1,5.1,3.5,93.0,73.6,2.78,70.1,2.2,0.6896551724137931,3.6666666666666665,Moderate,0
931,20,Male,1,Science,9,10,6.1,2.0,4.0,4.5,3.2,3.9,TikTok,1.3,4.2,1.1,79.2,58.1,1.16,39.6,1.9000000000000004,1.4754098360655739,8.333333333333334,Moderate,0
932,24,Female,2,Arts,6,7,6.9,1.0,6.0,7.6,2.9,1.6,Instagram,3.9,7.4,4.2,84.0,65.0,2.54,67.6,1.0999999999999996,0.8695652173913043,5.666666666666667,High,0
933,19,Male,1,Business,7,8,7.0,2.0,5.0,2.4,1.5,1.5,Instagram,0.8,6.3,2.5,85.8,39.0,2.46,50.5,1.0,1.0,6.666666666666667,Moderate,0
934,18,Male,1,Engineering,6,7,7.2,2.0,6.0,4.5,2.6,3.4,Both,3.8,6.4,2.3,90.6,59.5,2.95,63.2,0.7999999999999998,0.8333333333333333,5.666666666666667,Moderate,0
935,22,Female,2,Arts,6,7,7.8,3.0,6.0,4.9,1.0,1.7,Instagram,1.9,8.5,2.8,88.3,63.5,2.38,61.2,0.20000000000000018,0.7692307692307693,5.666666666666667,Moderate,0
936,20,Male,3,Business,7,7,6.5,1.0,4.0,2.6,1.3,4.0,Instagram,1.6,6.9,0.2,63.0,34.6,2.03,40.7,1.5,1.0769230769230769,6.666666666666667,Moderate,0
937,19,Other,1,Science,7,7,5.0,1.0,3.0,4.4,1.8,3.4,Instagram,3.3,7.0,3.2,71.9,69.0,2.24,59.5,3.0,1.4,7.0,Moderate,1
938,22,Female,1,Computer Science,5,6,6.2,3.0,4.0,3.9,0.7,2.4,Instagram,3.5,4.6,3.7,76.2,59.7,2.62,57.0,1.7999999999999998,0.8064516129032258,5.666666666666667,Moderate,0
939,21,Female,2,Engineering,6,7,9.6,4.0,7.0,2.0,1.2,3.9,Both,5.6,6.6,2.6,96.2,73.4,2.95,69.7,-1.5999999999999996,0.625,5.333333333333333,Low,0
940,20,Female,1,Science,5,4,7.4,4.0,6.0,3.9,2.1,2.5,Both,1.6,6.2,1.9,79.4,77.8,2.54,68.5,0.5999999999999996,0.6756756756756757,4.333333333333333,Moderate,0
941,19,Female,1,Engineering,3,1,9.1,4.0,6.0,4.3,1.6,2.4,TikTok,5.2,6.3,2.9,100.0,69.9,3.2,79.7,-1.0999999999999996,0.32967032967032966,2.6666666666666665,Moderate,0
942,22,Male,4,Computer Science,5,7,7.5,2.0,5.0,5.4,2.4,4.6,Both,3.4,7.5,1.6,82.6,60.4,2.46,58.9,0.5,0.6666666666666666,5.666666666666667,High,0
943,22,Male,3,Arts,6,5,6.5,3.0,6.0,3.5,1.9,3.0,Instagram,5.0,6.6,0.9,80.5,63.6,2.59,59.4,1.5,0.9230769230769231,5.0,Moderate,0
944,21,Male,2,Science,5,3,6.7,3.0,7.0,6.1,1.5,2.4,TikTok,5.1,5.3,1.4,81.0,56.4,2.88,69.0,1.2999999999999998,0.7462686567164178,3.6666666666666665,High,0
945,24,Female,2,Arts,5,3,6.6,5.0,5.0,3.5,0.5,3.8,Instagram,4.0,5.0,0.0,80.9,54.2,2.0,56.0,1.4000000000000004,0.7575757575757576,4.333333333333333,Moderate,0
946,19,Male,2,Science,5,7,4.3,1.0,4.0,3.4,0.0,1.9,Instagram,2.5,8.9,2.0,77.1,62.6,2.16,60.4,3.7,1.1627906976744187,6.0,Moderate,0
947,18,Female,2,Computer Science,4,5,6.2,3.0,5.0,4.7,1.4,2.7,Both,1.4,5.2,2.9,80.1,70.2,2.86,65.8,1.7999999999999998,0.6451612903225806,4.666666666666667,Moderate,0
948,20,Other,3,Business,5,4,7.4,4.0,5.0,2.3,1.5,3.3,Instagram,0.6,2.9,4.6,77.5,73.6,2.86,74.3,0.5999999999999996,0.6756756756756757,4.666666666666667,Moderate,0
949,21,Female,3,Science,6,5,5.5,2.0,6.0,3.4,1.0,1.3,TikTok,6.4,6.6,3.8,77.1,60.5,2.95,69.7,2.5,1.0909090909090908,5.0,Moderate,0
950,21,Female,1,Other,4,4,7.1,3.0,8.0,4.0,1.5,3.2,Instagram,2.8,3.8,2.4,96.0,60.7,2.95,71.0,0.9000000000000004,0.5633802816901409,3.3333333333333335,Moderate,0
951,21,Male,2,Engineering,7,8,7.3,3.0,4.0,5.1,2.9,3.6,TikTok,2.3,6.9,2.4,90.8,65.0,2.65,66.2,0.7000000000000002,0.9589041095890412,7.0,High,0
952,22,Female,2,Engineering,7,7,5.5,2.0,3.0,2.9,0.1,2.8,Instagram,1.9,3.5,3.4,79.5,56.1,2.37,55.3,2.5,1.2727272727272727,7.0,Moderate,0
953,19,Female,4,Business,8,7,5.2,1.0,5.0,0.2,0.0,2.4,TikTok,3.9,4.8,1.7,78.1,58.3,1.67,47.8,2.8,1.5384615384615383,6.666666666666667,Low,0
954,23,Male,3,Other,9,10,5.2,1.0,3.0,4.9,2.3,3.8,Instagram,2.5,5.8,1.8,63.6,58.2,1.8,55.1,2.8,1.7307692307692306,8.666666666666666,Moderate,0
955,21,Male,2,Science,7,7,5.5,1.0,3.0,3.1,1.0,3.0,TikTok,0.8,6.9,1.5,70.0,42.5,1.81,45.3,2.5,1.2727272727272727,7.0,Moderate,0
956,23,Other,1,Engineering,6,6,5.4,2.0,5.0,3.9,1.4,2.3,TikTok,3.4,6.7,2.4,71.2,64.0,2.64,60.5,2.5999999999999996,1.111111111111111,5.666666666666667,Moderate,0
957,22,Female,3,Science,6,7,5.2,2.0,5.0,4.0,1.1,2.3,TikTok,4.5,5.1,2.6,83.9,75.7,2.84,79.1,2.8,1.1538461538461537,6.0,Moderate,0
958,22,Female,1,Business,5,3,8.3,3.0,8.0,3.6,2.4,2.7,Both,5.9,7.1,2.8,91.0,64.5,3.4,79.8,-0.3000000000000007,0.6024096385542168,3.3333333333333335,Moderate,0
959,22,Female,2,Engineering,7,7,5.5,2.0,3.0,2.8,0.7,3.4,Both,4.8,5.9,2.8,80.5,70.3,2.72,74.8,2.5,1.2727272727272727,7.0,Moderate,0
960,22,Female,1,Arts,6,6,6.9,2.0,5.0,3.2,1.0,3.5,TikTok,0.0,6.6,1.7,82.4,62.5,1.93,58.6,1.0999999999999996,0.8695652173913043,5.666666666666667,Moderate,0
961,22,Female,3,Other,6,5,5.7,2.0,4.0,2.1,1.7,2.0,Instagram,5.4,7.9,2.8,73.6,68.5,2.94,67.9,2.3,1.0526315789473684,5.666666666666667,Moderate,0
962,23,Male,1,Business,8,6,8.1,4.0,7.0,3.1,2.5,3.9,Instagram,4.7,5.7,2.8,77.8,63.3,2.95,70.1,-0.09999999999999964,0.9876543209876544,5.666666666666667,Moderate,0
963,21,Male,2,Science,4,4,7.8,3.0,7.0,5.9,2.8,0.6,Instagram,2.5,7.4,4.1,88.4,93.1,2.84,83.1,0.20000000000000018,0.5128205128205129,3.6666666666666665,High,0
964,22,Male,4,Science,7,7,6.9,3.0,4.0,4.3,2.5,2.9,Both,2.8,6.1,1.8,75.2,50.5,2.48,52.2,1.0999999999999996,1.0144927536231882,6.666666666666667,Moderate,0
965,21,Female,1,Engineering,5,5,7.0,3.0,6.0,3.1,1.0,2.5,TikTok,4.3,8.2,3.4,83.7,75.0,2.77,67.7,1.0,0.7142857142857143,4.666666666666667,Moderate,0
966,23,Female,2,Computer Science,6,8,6.3,2.0,5.0,2.8,0.2,2.9,TikTok,2.2,6.8,5.3,72.3,74.9,2.35,68.6,1.7000000000000002,0.9523809523809524,6.333333333333333,Moderate,0
967,20,Female,2,Science,6,6,5.0,2.0,5.0,0.7,0.1,1.2,Instagram,3.5,7.3,2.5,84.5,63.5,2.06,59.7,3.0,1.2,5.666666666666667,Low,0
968,24,Male,1,Science,4,3,9.0,5.0,9.0,2.7,0.7,2.9,TikTok,4.8,8.2,4.6,96.6,76.8,3.37,89.2,-1.0,0.4444444444444444,2.6666666666666665,Moderate,0
969,21,Female,3,Arts,8,8,5.3,1.0,4.0,4.4,2.0,4.4,Instagram,4.2,6.1,1.9,81.1,41.5,2.03,45.6,2.7,1.509433962264151,7.333333333333333,Moderate,0
970,19,Female,1,Business,6,5,7.2,3.0,5.0,6.2,1.8,4.4,Both,2.3,4.7,2.9,84.0,67.6,2.27,55.7,0.7999999999999998,0.8333333333333333,5.333333333333333,High,0
971,21,Female,2,Arts,5,5,7.6,3.0,7.0,1.8,0.3,2.7,Both,4.8,6.9,3.2,78.0,66.9,3.09,72.0,0.40000000000000036,0.6578947368421053,4.333333333333333,Low,0
972,20,Female,2,Engineering,5,6,5.7,1.0,6.0,4.2,0.8,2.4,Instagram,4.1,6.1,1.6,77.0,55.3,2.52,62.5,2.3,0.8771929824561403,5.0,Moderate,0
973,22,Male,3,Computer Science,5,6,7.4,3.0,6.0,4.7,2.2,4.0,TikTok,3.9,6.3,3.5,79.2,75.5,2.54,66.8,0.5999999999999996,0.6756756756756757,5.0,Moderate,0
974,20,Female,3,Other,4,3,6.9,3.0,7.0,2.6,1.3,0.5,Instagram,3.2,6.7,2.3,82.4,55.9,3.42,72.5,1.0999999999999996,0.5797101449275363,3.3333333333333335,Moderate,0
975,20,Male,1,Arts,7,8,8.5,4.0,5.0,4.1,2.3,3.4,Instagram,3.0,6.5,2.5,88.0,72.2,2.2,60.5,-0.5,0.8235294117647058,6.666666666666667,Moderate,0
976,18,Male,1,Other,7,6,5.9,2.0,4.0,4.8,1.4,4.0,TikTok,2.3,4.2,4.2,65.0,66.2,2.42,67.2,2.0999999999999996,1.1864406779661016,6.333333333333333,Moderate,0
977,20,Female,3,Engineering,7,4,4.7,1.0,1.0,5.8,2.4,3.7,Both,0.9,6.0,1.9,66.5,57.0,2.54,56.3,3.3,1.4893617021276595,6.666666666666667,High,0
978,18,Female,2,Business,9,8,5.6,2.0,4.0,4.0,2.1,4.2,TikTok,2.6,4.2,0.6,67.4,44.8,1.54,38.5,2.4000000000000004,1.6071428571428572,7.666666666666667,Moderate,0
979,18,Other,4,Business,4,4,5.9,3.0,6.0,3.5,0.6,0.5,Instagram,3.7,6.3,3.7,73.7,76.4,3.27,77.5,2.0999999999999996,0.6779661016949152,4.0,Moderate,0
980,22,Female,4,Business,6,7,6.0,2.0,6.0,1.6,0.3,2.0,Instagram,4.1,7.7,2.3,80.1,50.7,2.37,53.0,2.0,1.0,5.666666666666667,Low,0
981,22,Female,4,Science,4,6,5.5,3.0,6.0,3.6,1.3,1.6,Instagram,5.6,7.4,3.3,81.1,78.8,2.6,64.6,2.5,0.7272727272727273,4.666666666666667,Moderate,0
982,22,Female,2,Science,6,6,4.4,2.0,4.0,2.0,0.0,2.9,Both,2.5,6.4,2.8,80.6,51.2,2.08,49.0,3.5999999999999996,1.3636363636363635,6.0,Low,0
983,19,Female,2,Engineering,7,8,6.8,2.0,5.0,4.9,1.4,2.3,Both,2.8,5.9,3.5,75.2,60.5,1.72,44.6,1.2000000000000002,1.0294117647058825,6.666666666666667,Moderate,0
984,21,Male,3,Science,4,5,8.3,3.0,7.0,4.6,1.6,2.3,TikTok,4.4,5.9,4.0,79.5,78.1,3.33,84.2,-0.3000000000000007,0.48192771084337344,4.0,Moderate,0
985,21,Male,2,Engineering,5,6,6.9,2.0,6.0,3.0,1.2,2.2,Instagram,1.7,5.9,2.0,81.2,65.5,2.81,71.7,1.0999999999999996,0.7246376811594203,5.0,Moderate,0
986,19,Male,1,Arts,3,4,7.2,4.0,8.0,1.9,0.0,2.6,TikTok,4.1,8.8,3.9,71.5,79.1,2.5,68.9,0.7999999999999998,0.41666666666666663,3.0,Low,0
987,24,Female,4,Engineering,7,8,6.8,2.0,6.0,4.8,2.4,3.0,Both,2.9,6.3,4.9,67.8,75.2,2.67,71.3,1.2000000000000002,1.0294117647058825,6.333333333333333,Moderate,0
988,22,Male,4,Engineering,5,6,6.4,3.0,6.0,3.7,1.4,2.7,TikTok,3.4,4.6,2.2,83.5,75.7,2.54,66.2,1.5999999999999996,0.78125,5.0,Moderate,0
989,21,Male,2,Business,6,5,7.4,4.0,5.0,3.7,1.5,2.5,TikTok,4.6,4.5,3.8,84.7,62.9,2.87,70.4,0.5999999999999996,0.8108108108108107,5.333333333333333,Moderate,0
990,21,Male,1,Business,4,2,7.1,2.0,6.0,3.4,1.3,1.4,Instagram,2.9,4.7,3.8,83.8,81.2,3.59,93.0,0.9000000000000004,0.5633802816901409,3.3333333333333335,Moderate,0
991,21,Other,2,Computer Science,4,5,6.1,1.0,7.0,5.1,1.1,1.0,TikTok,4.7,6.5,3.7,92.3,72.8,2.99,74.7,1.9000000000000004,0.6557377049180328,4.0,High,0
992,18,Male,3,Business,9,10,5.0,1.0,2.0,5.0,3.0,3.1,TikTok,0.3,6.9,2.7,69.7,59.4,1.81,56.8,3.0,1.8,9.0,Moderate,1
993,21,Female,4,Science,7,6,5.6,2.0,4.0,4.7,1.8,2.7,Instagram,1.4,4.5,2.2,83.2,68.0,1.32,49.0,2.4000000000000004,1.25,6.333333333333333,Moderate,0
994,20,Male,1,Computer Science,7,6,6.9,3.0,4.0,5.5,0.4,3.0,Both,0.0,7.0,2.6,58.7,60.1,1.95,53.4,1.0999999999999996,1.0144927536231882,6.333333333333333,High,0
995,19,Female,1,Business,9,9,6.1,1.0,4.0,4.7,3.2,3.1,Both,1.3,5.9,1.9,81.2,54.4,1.86,52.4,1.9000000000000004,1.4754098360655739,8.0,Moderate,0
996,21,Male,4,Engineering,4,5,6.2,3.0,7.0,3.7,1.0,3.7,Both,6.6,7.4,2.2,82.0,74.7,2.8,63.2,1.7999999999999998,0.6451612903225806,4.0,Moderate,0
997,24,Male,2,Business,5,5,7.1,2.0,6.0,3.3,0.5,3.0,Both,3.7,6.8,3.6,83.2,79.0,2.95,73.9,0.9000000000000004,0.7042253521126761,4.666666666666667,Moderate,0
998,22,Female,2,Computer Science,5,4,7.4,3.0,8.0,2.5,0.0,2.2,TikTok,2.9,7.0,2.8,90.6,78.2,2.92,72.5,0.5999999999999996,0.6756756756756757,3.6666666666666665,Moderate,0
999,20,Male,4,Science,3,2,6.3,3.0,8.0,3.8,1.3,2.3,Instagram,4.9,6.2,5.8,79.5,86.1,3.29,84.3,1.7000000000000002,0.4761904761904762,2.3333333333333335,Moderate,0
1000,22,Male,1,Science,5,6,6.8,3.0,6.0,3.9,1.4,4.4,Both,4.6,3.4,2.2,81.5,59.5,2.62,56.2,1.2000000000000002,0.7352941176470589,5.0,Moderate,0
